cod_indicatore,indicatore,sesso,territorio,livello,anno,valore,poco_signif,unita_misura,fonte
02IST001,Partecipazione al sistema scolastico dei bambini di 4-5 anni,Totale,Emilia-Romagna,regione,2013,94,FALSE,Valori percentuali,Istat - Elaborazione su dati Ministero dell'Istruzione e del Merito
02IST001,Partecipazione al sistema scolastico dei bambini di 4-5 anni,Totale,Emilia-Romagna,regione,2014,92.8,FALSE,Valori percentuali,Istat - Elaborazione su dati Ministero dell'Istruzione e del Merito
02IST001,Partecipazione al sistema scolastico dei bambini di 4-5 anni,Totale,Emilia-Romagna,regione,2015,92.8,FALSE,Valori percentuali,Istat - Elaborazione su dati Ministero dell'Istruzione e del Merito
02IST001,Partecipazione al sistema scolastico dei bambini di 4-5 anni,Totale,Emilia-Romagna,regione,2016,92.7,FALSE,Valori percentuali,Istat - Elaborazione su dati Ministero dell'Istruzione e del Merito
02IST001,Partecipazione al sistema scolastico dei bambini di 4-5 anni,Totale,Emilia-Romagna,regione,2017,93.6,FALSE,Valori percentuali,Istat - Elaborazione su dati Ministero dell'Istruzione e del Merito
02IST001,Partecipazione al sistema scolastico dei bambini di 4-5 anni,Totale,Emilia-Romagna,regione,2018,93.5,FALSE,Valori percentuali,Istat - Elaborazione su dati Ministero dell'Istruzione e del Merito
02IST001,Partecipazione al sistema scolastico dei bambini di 4-5 anni,Totale,Emilia-Romagna,regione,2019,93.5,FALSE,Valori percentuali,Istat - Elaborazione su dati Ministero dell'Istruzione e del Merito
02IST001,Partecipazione al sistema scolastico dei bambini di 4-5 anni,Totale,Emilia-Romagna,regione,2020,93.6,FALSE,Valori percentuali,Istat - Elaborazione su dati Ministero dell'Istruzione e del Merito
02IST001,Partecipazione al sistema scolastico dei bambini di 4-5 anni,Totale,Emilia-Romagna,regione,2021,91.1,FALSE,Valori percentuali,Istat - Elaborazione su dati Ministero dell'Istruzione e del Merito
02IST001,Partecipazione al sistema scolastico dei bambini di 4-5 anni,Totale,Emilia-Romagna,regione,2022,92.7,FALSE,Valori percentuali,Istat - Elaborazione su dati Ministero dell'Istruzione e del Merito
02IST001,Partecipazione al sistema scolastico dei bambini di 4-5 anni,Totale,Emilia-Romagna,regione,2023,94,FALSE,Valori percentuali,Istat - Elaborazione su dati Ministero dell'Istruzione e del Merito
02IST001,Partecipazione al sistema scolastico dei bambini di 4-5 anni,Totale,Emilia-Romagna,regione,2024,94,FALSE,Valori percentuali,Istat - Elaborazione su dati Ministero dell'Istruzione e del Merito
02IST001,Partecipazione al sistema scolastico dei bambini di 4-5 anni,Totale,Italia,italia,2013,97.9,FALSE,Valori percentuali,Istat - Elaborazione su dati Ministero dell'Istruzione e del Merito
02IST001,Partecipazione al sistema scolastico dei bambini di 4-5 anni,Totale,Italia,italia,2014,97.4,FALSE,Valori percentuali,Istat - Elaborazione su dati Ministero dell'Istruzione e del Merito
02IST001,Partecipazione al sistema scolastico dei bambini di 4-5 anni,Totale,Italia,italia,2015,97.2,FALSE,Valori percentuali,Istat - Elaborazione su dati Ministero dell'Istruzione e del Merito
02IST001,Partecipazione al sistema scolastico dei bambini di 4-5 anni,Totale,Italia,italia,2016,97.3,FALSE,Valori percentuali,Istat - Elaborazione su dati Ministero dell'Istruzione e del Merito
02IST001,Partecipazione al sistema scolastico dei bambini di 4-5 anni,Totale,Italia,italia,2017,96.1,FALSE,Valori percentuali,Istat - Elaborazione su dati Ministero dell'Istruzione e del Merito
02IST001,Partecipazione al sistema scolastico dei bambini di 4-5 anni,Totale,Italia,italia,2018,95.8,FALSE,Valori percentuali,Istat - Elaborazione su dati Ministero dell'Istruzione e del Merito
02IST001,Partecipazione al sistema scolastico dei bambini di 4-5 anni,Totale,Italia,italia,2019,96,FALSE,Valori percentuali,Istat - Elaborazione su dati Ministero dell'Istruzione e del Merito
02IST001,Partecipazione al sistema scolastico dei bambini di 4-5 anni,Totale,Italia,italia,2020,95.9,FALSE,Valori percentuali,Istat - Elaborazione su dati Ministero dell'Istruzione e del Merito
02IST001,Partecipazione al sistema scolastico dei bambini di 4-5 anni,Totale,Italia,italia,2021,92.8,FALSE,Valori percentuali,Istat - Elaborazione su dati Ministero dell'Istruzione e del Merito
02IST001,Partecipazione al sistema scolastico dei bambini di 4-5 anni,Totale,Italia,italia,2022,94,FALSE,Valori percentuali,Istat - Elaborazione su dati Ministero dell'Istruzione e del Merito
02IST001,Partecipazione al sistema scolastico dei bambini di 4-5 anni,Totale,Italia,italia,2023,94.7,FALSE,Valori percentuali,Istat - Elaborazione su dati Ministero dell'Istruzione e del Merito
02IST001,Partecipazione al sistema scolastico dei bambini di 4-5 anni,Totale,Italia,italia,2024,95,FALSE,Valori percentuali,Istat - Elaborazione su dati Ministero dell'Istruzione e del Merito
02IST001,Partecipazione al sistema scolastico dei bambini di 4-5 anni,Totale,Nord-est,ripartizione,2013,95.4,FALSE,Valori percentuali,Istat - Elaborazione su dati Ministero dell'Istruzione e del Merito
02IST001,Partecipazione al sistema scolastico dei bambini di 4-5 anni,Totale,Nord-est,ripartizione,2014,94.6,FALSE,Valori percentuali,Istat - Elaborazione su dati Ministero dell'Istruzione e del Merito
02IST001,Partecipazione al sistema scolastico dei bambini di 4-5 anni,Totale,Nord-est,ripartizione,2015,94.5,FALSE,Valori percentuali,Istat - Elaborazione su dati Ministero dell'Istruzione e del Merito
02IST001,Partecipazione al sistema scolastico dei bambini di 4-5 anni,Totale,Nord-est,ripartizione,2016,94.6,FALSE,Valori percentuali,Istat - Elaborazione su dati Ministero dell'Istruzione e del Merito
02IST001,Partecipazione al sistema scolastico dei bambini di 4-5 anni,Totale,Nord-est,ripartizione,2017,94.9,FALSE,Valori percentuali,Istat - Elaborazione su dati Ministero dell'Istruzione e del Merito
02IST001,Partecipazione al sistema scolastico dei bambini di 4-5 anni,Totale,Nord-est,ripartizione,2018,94.9,FALSE,Valori percentuali,Istat - Elaborazione su dati Ministero dell'Istruzione e del Merito
02IST001,Partecipazione al sistema scolastico dei bambini di 4-5 anni,Totale,Nord-est,ripartizione,2019,94.6,FALSE,Valori percentuali,Istat - Elaborazione su dati Ministero dell'Istruzione e del Merito
02IST001,Partecipazione al sistema scolastico dei bambini di 4-5 anni,Totale,Nord-est,ripartizione,2020,94.4,FALSE,Valori percentuali,Istat - Elaborazione su dati Ministero dell'Istruzione e del Merito
02IST001,Partecipazione al sistema scolastico dei bambini di 4-5 anni,Totale,Nord-est,ripartizione,2021,91.7,FALSE,Valori percentuali,Istat - Elaborazione su dati Ministero dell'Istruzione e del Merito
02IST001,Partecipazione al sistema scolastico dei bambini di 4-5 anni,Totale,Nord-est,ripartizione,2022,93.1,FALSE,Valori percentuali,Istat - Elaborazione su dati Ministero dell'Istruzione e del Merito
02IST001,Partecipazione al sistema scolastico dei bambini di 4-5 anni,Totale,Nord-est,ripartizione,2023,94.1,FALSE,Valori percentuali,Istat - Elaborazione su dati Ministero dell'Istruzione e del Merito
02IST001,Partecipazione al sistema scolastico dei bambini di 4-5 anni,Totale,Nord-est,ripartizione,2024,94.5,FALSE,Valori percentuali,Istat - Elaborazione su dati Ministero dell'Istruzione e del Merito
02IST002-N22,Persone con almeno il diploma (25-64 anni),Femmine,Emilia-Romagna,regione,2018,71,FALSE,Valori percentuali,Istat - Rilevazione sulle Forze di lavoro
02IST002-N22,Persone con almeno il diploma (25-64 anni),Femmine,Emilia-Romagna,regione,2019,72.9,FALSE,Valori percentuali,Istat - Rilevazione sulle Forze di lavoro
02IST002-N22,Persone con almeno il diploma (25-64 anni),Femmine,Emilia-Romagna,regione,2020,73.3,FALSE,Valori percentuali,Istat - Rilevazione sulle Forze di lavoro
02IST002-N22,Persone con almeno il diploma (25-64 anni),Femmine,Emilia-Romagna,regione,2021,72.5,FALSE,Valori percentuali,Istat - Rilevazione sulle Forze di lavoro
02IST002-N22,Persone con almeno il diploma (25-64 anni),Femmine,Emilia-Romagna,regione,2022,71.7,FALSE,Valori percentuali,Istat - Rilevazione sulle Forze di lavoro
02IST002-N22,Persone con almeno il diploma (25-64 anni),Femmine,Emilia-Romagna,regione,2023,73.1,FALSE,Valori percentuali,Istat - Rilevazione sulle Forze di lavoro
02IST002-N22,Persone con almeno il diploma (25-64 anni),Femmine,Emilia-Romagna,regione,2024,75.4,FALSE,Valori percentuali,Istat - Rilevazione sulle Forze di lavoro
02IST002-N22,Persone con almeno il diploma (25-64 anni),Femmine,Emilia-Romagna,regione,2025,74.7,FALSE,Valori percentuali,Istat - Rilevazione sulle Forze di lavoro
02IST002-N22,Persone con almeno il diploma (25-64 anni),Femmine,Italia,italia,2018,63.9,FALSE,Valori percentuali,Istat - Rilevazione sulle Forze di lavoro
02IST002-N22,Persone con almeno il diploma (25-64 anni),Femmine,Italia,italia,2019,64.6,FALSE,Valori percentuali,Istat - Rilevazione sulle Forze di lavoro
02IST002-N22,Persone con almeno il diploma (25-64 anni),Femmine,Italia,italia,2020,65,FALSE,Valori percentuali,Istat - Rilevazione sulle Forze di lavoro
02IST002-N22,Persone con almeno il diploma (25-64 anni),Femmine,Italia,italia,2021,65.3,FALSE,Valori percentuali,Istat - Rilevazione sulle Forze di lavoro
02IST002-N22,Persone con almeno il diploma (25-64 anni),Femmine,Italia,italia,2022,65.7,FALSE,Valori percentuali,Istat - Rilevazione sulle Forze di lavoro
02IST002-N22,Persone con almeno il diploma (25-64 anni),Femmine,Italia,italia,2023,68,FALSE,Valori percentuali,Istat - Rilevazione sulle Forze di lavoro
02IST002-N22,Persone con almeno il diploma (25-64 anni),Femmine,Italia,italia,2024,69.4,FALSE,Valori percentuali,Istat - Rilevazione sulle Forze di lavoro
02IST002-N22,Persone con almeno il diploma (25-64 anni),Femmine,Italia,italia,2025,69.6,FALSE,Valori percentuali,Istat - Rilevazione sulle Forze di lavoro
02IST002-N22,Persone con almeno il diploma (25-64 anni),Femmine,Nord-est,ripartizione,2018,68.6,FALSE,Valori percentuali,Istat - Rilevazione sulle Forze di lavoro
02IST002-N22,Persone con almeno il diploma (25-64 anni),Femmine,Nord-est,ripartizione,2019,69.8,FALSE,Valori percentuali,Istat - Rilevazione sulle Forze di lavoro
02IST002-N22,Persone con almeno il diploma (25-64 anni),Femmine,Nord-est,ripartizione,2020,70.9,FALSE,Valori percentuali,Istat - Rilevazione sulle Forze di lavoro
02IST002-N22,Persone con almeno il diploma (25-64 anni),Femmine,Nord-est,ripartizione,2021,70.6,FALSE,Valori percentuali,Istat - Rilevazione sulle Forze di lavoro
02IST002-N22,Persone con almeno il diploma (25-64 anni),Femmine,Nord-est,ripartizione,2022,70.6,FALSE,Valori percentuali,Istat - Rilevazione sulle Forze di lavoro
02IST002-N22,Persone con almeno il diploma (25-64 anni),Femmine,Nord-est,ripartizione,2023,72.5,FALSE,Valori percentuali,Istat - Rilevazione sulle Forze di lavoro
02IST002-N22,Persone con almeno il diploma (25-64 anni),Femmine,Nord-est,ripartizione,2024,74.4,FALSE,Valori percentuali,Istat - Rilevazione sulle Forze di lavoro
02IST002-N22,Persone con almeno il diploma (25-64 anni),Femmine,Nord-est,ripartizione,2025,73.8,FALSE,Valori percentuali,Istat - Rilevazione sulle Forze di lavoro
02IST002-N22,Persone con almeno il diploma (25-64 anni),Maschi,Emilia-Romagna,regione,2018,65.2,FALSE,Valori percentuali,Istat - Rilevazione sulle Forze di lavoro
02IST002-N22,Persone con almeno il diploma (25-64 anni),Maschi,Emilia-Romagna,regione,2019,65.2,FALSE,Valori percentuali,Istat - Rilevazione sulle Forze di lavoro
02IST002-N22,Persone con almeno il diploma (25-64 anni),Maschi,Emilia-Romagna,regione,2020,64.4,FALSE,Valori percentuali,Istat - Rilevazione sulle Forze di lavoro
02IST002-N22,Persone con almeno il diploma (25-64 anni),Maschi,Emilia-Romagna,regione,2021,64.9,FALSE,Valori percentuali,Istat - Rilevazione sulle Forze di lavoro
02IST002-N22,Persone con almeno il diploma (25-64 anni),Maschi,Emilia-Romagna,regione,2022,64.5,FALSE,Valori percentuali,Istat - Rilevazione sulle Forze di lavoro
02IST002-N22,Persone con almeno il diploma (25-64 anni),Maschi,Emilia-Romagna,regione,2023,66.8,FALSE,Valori percentuali,Istat - Rilevazione sulle Forze di lavoro
02IST002-N22,Persone con almeno il diploma (25-64 anni),Maschi,Emilia-Romagna,regione,2024,67.8,FALSE,Valori percentuali,Istat - Rilevazione sulle Forze di lavoro
02IST002-N22,Persone con almeno il diploma (25-64 anni),Maschi,Emilia-Romagna,regione,2025,67.9,FALSE,Valori percentuali,Istat - Rilevazione sulle Forze di lavoro
02IST002-N22,Persone con almeno il diploma (25-64 anni),Maschi,Italia,italia,2018,59.7,FALSE,Valori percentuali,Istat - Rilevazione sulle Forze di lavoro
02IST002-N22,Persone con almeno il diploma (25-64 anni),Maschi,Italia,italia,2019,59.9,FALSE,Valori percentuali,Istat - Rilevazione sulle Forze di lavoro
02IST002-N22,Persone con almeno il diploma (25-64 anni),Maschi,Italia,italia,2020,60.1,FALSE,Valori percentuali,Istat - Rilevazione sulle Forze di lavoro
02IST002-N22,Persone con almeno il diploma (25-64 anni),Maschi,Italia,italia,2021,60.1,FALSE,Valori percentuali,Istat - Rilevazione sulle Forze di lavoro
02IST002-N22,Persone con almeno il diploma (25-64 anni),Maschi,Italia,italia,2022,60.3,FALSE,Valori percentuali,Istat - Rilevazione sulle Forze di lavoro
02IST002-N22,Persone con almeno il diploma (25-64 anni),Maschi,Italia,italia,2023,62.9,FALSE,Valori percentuali,Istat - Rilevazione sulle Forze di lavoro
02IST002-N22,Persone con almeno il diploma (25-64 anni),Maschi,Italia,italia,2024,64,FALSE,Valori percentuali,Istat - Rilevazione sulle Forze di lavoro
02IST002-N22,Persone con almeno il diploma (25-64 anni),Maschi,Italia,italia,2025,64.3,FALSE,Valori percentuali,Istat - Rilevazione sulle Forze di lavoro
02IST002-N22,Persone con almeno il diploma (25-64 anni),Maschi,Nord-est,ripartizione,2018,65,FALSE,Valori percentuali,Istat - Rilevazione sulle Forze di lavoro
02IST002-N22,Persone con almeno il diploma (25-64 anni),Maschi,Nord-est,ripartizione,2019,64.9,FALSE,Valori percentuali,Istat - Rilevazione sulle Forze di lavoro
02IST002-N22,Persone con almeno il diploma (25-64 anni),Maschi,Nord-est,ripartizione,2020,64.9,FALSE,Valori percentuali,Istat - Rilevazione sulle Forze di lavoro
02IST002-N22,Persone con almeno il diploma (25-64 anni),Maschi,Nord-est,ripartizione,2021,64.8,FALSE,Valori percentuali,Istat - Rilevazione sulle Forze di lavoro
02IST002-N22,Persone con almeno il diploma (25-64 anni),Maschi,Nord-est,ripartizione,2022,64.6,FALSE,Valori percentuali,Istat - Rilevazione sulle Forze di lavoro
02IST002-N22,Persone con almeno il diploma (25-64 anni),Maschi,Nord-est,ripartizione,2023,66.9,FALSE,Valori percentuali,Istat - Rilevazione sulle Forze di lavoro
02IST002-N22,Persone con almeno il diploma (25-64 anni),Maschi,Nord-est,ripartizione,2024,68.2,FALSE,Valori percentuali,Istat - Rilevazione sulle Forze di lavoro
02IST002-N22,Persone con almeno il diploma (25-64 anni),Maschi,Nord-est,ripartizione,2025,68.4,FALSE,Valori percentuali,Istat - Rilevazione sulle Forze di lavoro
02IST002-N22,Persone con almeno il diploma (25-64 anni),Totale,Emilia-Romagna,regione,2018,68.2,FALSE,Valori percentuali,Istat - Rilevazione sulle Forze di lavoro
02IST002-N22,Persone con almeno il diploma (25-64 anni),Totale,Emilia-Romagna,regione,2019,69.1,FALSE,Valori percentuali,Istat - Rilevazione sulle Forze di lavoro
02IST002-N22,Persone con almeno il diploma (25-64 anni),Totale,Emilia-Romagna,regione,2020,68.9,FALSE,Valori percentuali,Istat - Rilevazione sulle Forze di lavoro
02IST002-N22,Persone con almeno il diploma (25-64 anni),Totale,Emilia-Romagna,regione,2021,68.7,FALSE,Valori percentuali,Istat - Rilevazione sulle Forze di lavoro
02IST002-N22,Persone con almeno il diploma (25-64 anni),Totale,Emilia-Romagna,regione,2022,68.1,FALSE,Valori percentuali,Istat - Rilevazione sulle Forze di lavoro
02IST002-N22,Persone con almeno il diploma (25-64 anni),Totale,Emilia-Romagna,regione,2023,69.9,FALSE,Valori percentuali,Istat - Rilevazione sulle Forze di lavoro
02IST002-N22,Persone con almeno il diploma (25-64 anni),Totale,Emilia-Romagna,regione,2024,71.6,FALSE,Valori percentuali,Istat - Rilevazione sulle Forze di lavoro
02IST002-N22,Persone con almeno il diploma (25-64 anni),Totale,Emilia-Romagna,regione,2025,71.3,FALSE,Valori percentuali,Istat - Rilevazione sulle Forze di lavoro
02IST002-N22,Persone con almeno il diploma (25-64 anni),Totale,Italia,italia,2018,61.8,FALSE,Valori percentuali,Istat - Rilevazione sulle Forze di lavoro
02IST002-N22,Persone con almeno il diploma (25-64 anni),Totale,Italia,italia,2019,62.3,FALSE,Valori percentuali,Istat - Rilevazione sulle Forze di lavoro
02IST002-N22,Persone con almeno il diploma (25-64 anni),Totale,Italia,italia,2020,62.6,FALSE,Valori percentuali,Istat - Rilevazione sulle Forze di lavoro
02IST002-N22,Persone con almeno il diploma (25-64 anni),Totale,Italia,italia,2021,62.7,FALSE,Valori percentuali,Istat - Rilevazione sulle Forze di lavoro
02IST002-N22,Persone con almeno il diploma (25-64 anni),Totale,Italia,italia,2022,63,FALSE,Valori percentuali,Istat - Rilevazione sulle Forze di lavoro
02IST002-N22,Persone con almeno il diploma (25-64 anni),Totale,Italia,italia,2023,65.5,FALSE,Valori percentuali,Istat - Rilevazione sulle Forze di lavoro
02IST002-N22,Persone con almeno il diploma (25-64 anni),Totale,Italia,italia,2024,66.7,FALSE,Valori percentuali,Istat - Rilevazione sulle Forze di lavoro
02IST002-N22,Persone con almeno il diploma (25-64 anni),Totale,Italia,italia,2025,67,FALSE,Valori percentuali,Istat - Rilevazione sulle Forze di lavoro
02IST002-N22,Persone con almeno il diploma (25-64 anni),Totale,Nord-est,ripartizione,2018,66.8,FALSE,Valori percentuali,Istat - Rilevazione sulle Forze di lavoro
02IST002-N22,Persone con almeno il diploma (25-64 anni),Totale,Nord-est,ripartizione,2019,67.4,FALSE,Valori percentuali,Istat - Rilevazione sulle Forze di lavoro
02IST002-N22,Persone con almeno il diploma (25-64 anni),Totale,Nord-est,ripartizione,2020,67.9,FALSE,Valori percentuali,Istat - Rilevazione sulle Forze di lavoro
02IST002-N22,Persone con almeno il diploma (25-64 anni),Totale,Nord-est,ripartizione,2021,67.7,FALSE,Valori percentuali,Istat - Rilevazione sulle Forze di lavoro
02IST002-N22,Persone con almeno il diploma (25-64 anni),Totale,Nord-est,ripartizione,2022,67.6,FALSE,Valori percentuali,Istat - Rilevazione sulle Forze di lavoro
02IST002-N22,Persone con almeno il diploma (25-64 anni),Totale,Nord-est,ripartizione,2023,69.7,FALSE,Valori percentuali,Istat - Rilevazione sulle Forze di lavoro
02IST002-N22,Persone con almeno il diploma (25-64 anni),Totale,Nord-est,ripartizione,2024,71.3,FALSE,Valori percentuali,Istat - Rilevazione sulle Forze di lavoro
02IST002-N22,Persone con almeno il diploma (25-64 anni),Totale,Nord-est,ripartizione,2025,71.1,FALSE,Valori percentuali,Istat - Rilevazione sulle Forze di lavoro
02IST004,Passaggio all'università,Femmine,Emilia-Romagna,regione,2017,58.2,FALSE,Tasso specifico di coorte,Ministero dell'Istruzione e del Merito; Ministero dell'Università e Ricerca
02IST004,Passaggio all'università,Femmine,Emilia-Romagna,regione,2018,59.1,FALSE,Tasso specifico di coorte,Ministero dell'Istruzione e del Merito; Ministero dell'Università e Ricerca
02IST004,Passaggio all'università,Femmine,Emilia-Romagna,regione,2019,60.4,FALSE,Tasso specifico di coorte,Ministero dell'Istruzione e del Merito; Ministero dell'Università e Ricerca
02IST004,Passaggio all'università,Femmine,Emilia-Romagna,regione,2020,62.5,FALSE,Tasso specifico di coorte,Ministero dell'Istruzione e del Merito; Ministero dell'Università e Ricerca
02IST004,Passaggio all'università,Femmine,Emilia-Romagna,regione,2021,61.1,FALSE,Tasso specifico di coorte,Ministero dell'Istruzione e del Merito; Ministero dell'Università e Ricerca
02IST004,Passaggio all'università,Femmine,Emilia-Romagna,regione,2022,60.9,FALSE,Tasso specifico di coorte,Ministero dell'Istruzione e del Merito; Ministero dell'Università e Ricerca
02IST004,Passaggio all'università,Femmine,Emilia-Romagna,regione,2023,62.3,FALSE,Tasso specifico di coorte,Ministero dell'Istruzione e del Merito; Ministero dell'Università e Ricerca
02IST004,Passaggio all'università,Femmine,Italia,italia,2017,56.2,FALSE,Tasso specifico di coorte,Ministero dell'Istruzione e del Merito; Ministero dell'Università e Ricerca
02IST004,Passaggio all'università,Femmine,Italia,italia,2018,56.2,FALSE,Tasso specifico di coorte,Ministero dell'Istruzione e del Merito; Ministero dell'Università e Ricerca
02IST004,Passaggio all'università,Femmine,Italia,italia,2019,57.7,FALSE,Tasso specifico di coorte,Ministero dell'Istruzione e del Merito; Ministero dell'Università e Ricerca
02IST004,Passaggio all'università,Femmine,Italia,italia,2020,59.1,FALSE,Tasso specifico di coorte,Ministero dell'Istruzione e del Merito; Ministero dell'Università e Ricerca
02IST004,Passaggio all'università,Femmine,Italia,italia,2021,58.3,FALSE,Tasso specifico di coorte,Ministero dell'Istruzione e del Merito; Ministero dell'Università e Ricerca
02IST004,Passaggio all'università,Femmine,Italia,italia,2022,58.2,FALSE,Tasso specifico di coorte,Ministero dell'Istruzione e del Merito; Ministero dell'Università e Ricerca
02IST004,Passaggio all'università,Femmine,Italia,italia,2023,58.9,FALSE,Tasso specifico di coorte,Ministero dell'Istruzione e del Merito; Ministero dell'Università e Ricerca
02IST004,Passaggio all'università,Femmine,Nord-est,ripartizione,2017,56.1,FALSE,Tasso specifico di coorte,Ministero dell'Istruzione e del Merito; Ministero dell'Università e Ricerca
02IST004,Passaggio all'università,Femmine,Nord-est,ripartizione,2018,54.8,FALSE,Tasso specifico di coorte,Ministero dell'Istruzione e del Merito; Ministero dell'Università e Ricerca
02IST004,Passaggio all'università,Femmine,Nord-est,ripartizione,2019,55.3,FALSE,Tasso specifico di coorte,Ministero dell'Istruzione e del Merito; Ministero dell'Università e Ricerca
02IST004,Passaggio all'università,Femmine,Nord-est,ripartizione,2020,58,FALSE,Tasso specifico di coorte,Ministero dell'Istruzione e del Merito; Ministero dell'Università e Ricerca
02IST004,Passaggio all'università,Femmine,Nord-est,ripartizione,2021,57.6,FALSE,Tasso specifico di coorte,Ministero dell'Istruzione e del Merito; Ministero dell'Università e Ricerca
02IST004,Passaggio all'università,Femmine,Nord-est,ripartizione,2022,57.5,FALSE,Tasso specifico di coorte,Ministero dell'Istruzione e del Merito; Ministero dell'Università e Ricerca
02IST004,Passaggio all'università,Femmine,Nord-est,ripartizione,2023,59,FALSE,Tasso specifico di coorte,Ministero dell'Istruzione e del Merito; Ministero dell'Università e Ricerca
02IST004,Passaggio all'università,Maschi,Emilia-Romagna,regione,2017,47.7,FALSE,Tasso specifico di coorte,Ministero dell'Istruzione e del Merito; Ministero dell'Università e Ricerca
02IST004,Passaggio all'università,Maschi,Emilia-Romagna,regione,2018,47.8,FALSE,Tasso specifico di coorte,Ministero dell'Istruzione e del Merito; Ministero dell'Università e Ricerca
02IST004,Passaggio all'università,Maschi,Emilia-Romagna,regione,2019,49,FALSE,Tasso specifico di coorte,Ministero dell'Istruzione e del Merito; Ministero dell'Università e Ricerca
02IST004,Passaggio all'università,Maschi,Emilia-Romagna,regione,2020,48.5,FALSE,Tasso specifico di coorte,Ministero dell'Istruzione e del Merito; Ministero dell'Università e Ricerca
02IST004,Passaggio all'università,Maschi,Emilia-Romagna,regione,2021,48.4,FALSE,Tasso specifico di coorte,Ministero dell'Istruzione e del Merito; Ministero dell'Università e Ricerca
02IST004,Passaggio all'università,Maschi,Emilia-Romagna,regione,2022,48,FALSE,Tasso specifico di coorte,Ministero dell'Istruzione e del Merito; Ministero dell'Università e Ricerca
02IST004,Passaggio all'università,Maschi,Emilia-Romagna,regione,2023,48.5,FALSE,Tasso specifico di coorte,Ministero dell'Istruzione e del Merito; Ministero dell'Università e Ricerca
02IST004,Passaggio all'università,Maschi,Italia,italia,2017,44.7,FALSE,Tasso specifico di coorte,Ministero dell'Istruzione e del Merito; Ministero dell'Università e Ricerca
02IST004,Passaggio all'università,Maschi,Italia,italia,2018,44.5,FALSE,Tasso specifico di coorte,Ministero dell'Istruzione e del Merito; Ministero dell'Università e Ricerca
02IST004,Passaggio all'università,Maschi,Italia,italia,2019,45.1,FALSE,Tasso specifico di coorte,Ministero dell'Istruzione e del Merito; Ministero dell'Università e Ricerca
02IST004,Passaggio all'università,Maschi,Italia,italia,2020,44.7,FALSE,Tasso specifico di coorte,Ministero dell'Istruzione e del Merito; Ministero dell'Università e Ricerca
02IST004,Passaggio all'università,Maschi,Italia,italia,2021,44.5,FALSE,Tasso specifico di coorte,Ministero dell'Istruzione e del Merito; Ministero dell'Università e Ricerca
02IST004,Passaggio all'università,Maschi,Italia,italia,2022,45.2,FALSE,Tasso specifico di coorte,Ministero dell'Istruzione e del Merito; Ministero dell'Università e Ricerca
02IST004,Passaggio all'università,Maschi,Italia,italia,2023,45.8,FALSE,Tasso specifico di coorte,Ministero dell'Istruzione e del Merito; Ministero dell'Università e Ricerca
02IST004,Passaggio all'università,Maschi,Nord-est,ripartizione,2017,47,FALSE,Tasso specifico di coorte,Ministero dell'Istruzione e del Merito; Ministero dell'Università e Ricerca
02IST004,Passaggio all'università,Maschi,Nord-est,ripartizione,2018,45.6,FALSE,Tasso specifico di coorte,Ministero dell'Istruzione e del Merito; Ministero dell'Università e Ricerca
02IST004,Passaggio all'università,Maschi,Nord-est,ripartizione,2019,46.4,FALSE,Tasso specifico di coorte,Ministero dell'Istruzione e del Merito; Ministero dell'Università e Ricerca
02IST004,Passaggio all'università,Maschi,Nord-est,ripartizione,2020,47,FALSE,Tasso specifico di coorte,Ministero dell'Istruzione e del Merito; Ministero dell'Università e Ricerca
02IST004,Passaggio all'università,Maschi,Nord-est,ripartizione,2021,46.8,FALSE,Tasso specifico di coorte,Ministero dell'Istruzione e del Merito; Ministero dell'Università e Ricerca
02IST004,Passaggio all'università,Maschi,Nord-est,ripartizione,2022,46.7,FALSE,Tasso specifico di coorte,Ministero dell'Istruzione e del Merito; Ministero dell'Università e Ricerca
02IST004,Passaggio all'università,Maschi,Nord-est,ripartizione,2023,47.5,FALSE,Tasso specifico di coorte,Ministero dell'Istruzione e del Merito; Ministero dell'Università e Ricerca
02IST004,Passaggio all'università,Totale,Emilia-Romagna,regione,2013,53.2,FALSE,Tasso specifico di coorte,Ministero dell'Istruzione e del Merito; Ministero dell'Università e Ricerca
02IST004,Passaggio all'università,Totale,Emilia-Romagna,regione,2014,51.7,FALSE,Tasso specifico di coorte,Ministero dell'Istruzione e del Merito; Ministero dell'Università e Ricerca
02IST004,Passaggio all'università,Totale,Emilia-Romagna,regione,2015,52.9,FALSE,Tasso specifico di coorte,Ministero dell'Istruzione e del Merito; Ministero dell'Università e Ricerca
02IST004,Passaggio all'università,Totale,Emilia-Romagna,regione,2016,51.5,FALSE,Tasso specifico di coorte,Ministero dell'Istruzione e del Merito; Ministero dell'Università e Ricerca
02IST004,Passaggio all'università,Totale,Emilia-Romagna,regione,2017,53,FALSE,Tasso specifico di coorte,Ministero dell'Istruzione e del Merito; Ministero dell'Università e Ricerca
02IST004,Passaggio all'università,Totale,Emilia-Romagna,regione,2018,53.6,FALSE,Tasso specifico di coorte,Ministero dell'Istruzione e del Merito; Ministero dell'Università e Ricerca
02IST004,Passaggio all'università,Totale,Emilia-Romagna,regione,2019,54.9,FALSE,Tasso specifico di coorte,Ministero dell'Istruzione e del Merito; Ministero dell'Università e Ricerca
02IST004,Passaggio all'università,Totale,Emilia-Romagna,regione,2020,55.6,FALSE,Tasso specifico di coorte,Ministero dell'Istruzione e del Merito; Ministero dell'Università e Ricerca
02IST004,Passaggio all'università,Totale,Emilia-Romagna,regione,2021,54.9,FALSE,Tasso specifico di coorte,Ministero dell'Istruzione e del Merito; Ministero dell'Università e Ricerca
02IST004,Passaggio all'università,Totale,Emilia-Romagna,regione,2022,54.5,FALSE,Tasso specifico di coorte,Ministero dell'Istruzione e del Merito; Ministero dell'Università e Ricerca
02IST004,Passaggio all'università,Totale,Emilia-Romagna,regione,2023,55.6,FALSE,Tasso specifico di coorte,Ministero dell'Istruzione e del Merito; Ministero dell'Università e Ricerca
02IST004,Passaggio all'università,Totale,Italia,italia,2013,49.7,FALSE,Tasso specifico di coorte,Ministero dell'Istruzione e del Merito; Ministero dell'Università e Ricerca
02IST004,Passaggio all'università,Totale,Italia,italia,2014,49.1,FALSE,Tasso specifico di coorte,Ministero dell'Istruzione e del Merito; Ministero dell'Università e Ricerca
02IST004,Passaggio all'università,Totale,Italia,italia,2015,50.3,FALSE,Tasso specifico di coorte,Ministero dell'Istruzione e del Merito; Ministero dell'Università e Ricerca
02IST004,Passaggio all'università,Totale,Italia,italia,2016,50.3,FALSE,Tasso specifico di coorte,Ministero dell'Istruzione e del Merito; Ministero dell'Università e Ricerca
02IST004,Passaggio all'università,Totale,Italia,italia,2017,50.5,FALSE,Tasso specifico di coorte,Ministero dell'Istruzione e del Merito; Ministero dell'Università e Ricerca
02IST004,Passaggio all'università,Totale,Italia,italia,2018,50.4,FALSE,Tasso specifico di coorte,Ministero dell'Istruzione e del Merito; Ministero dell'Università e Ricerca
02IST004,Passaggio all'università,Totale,Italia,italia,2019,51.4,FALSE,Tasso specifico di coorte,Ministero dell'Istruzione e del Merito; Ministero dell'Università e Ricerca
02IST004,Passaggio all'università,Totale,Italia,italia,2020,51.9,FALSE,Tasso specifico di coorte,Ministero dell'Istruzione e del Merito; Ministero dell'Università e Ricerca
02IST004,Passaggio all'università,Totale,Italia,italia,2021,51.4,FALSE,Tasso specifico di coorte,Ministero dell'Istruzione e del Merito; Ministero dell'Università e Ricerca
02IST004,Passaggio all'università,Totale,Italia,italia,2022,51.7,FALSE,Tasso specifico di coorte,Ministero dell'Istruzione e del Merito; Ministero dell'Università e Ricerca
02IST004,Passaggio all'università,Totale,Italia,italia,2023,52.4,FALSE,Tasso specifico di coorte,Ministero dell'Istruzione e del Merito; Ministero dell'Università e Ricerca
02IST004,Passaggio all'università,Totale,Nord-est,ripartizione,2017,51.7,FALSE,Tasso specifico di coorte,Ministero dell'Istruzione e del Merito; Ministero dell'Università e Ricerca
02IST004,Passaggio all'università,Totale,Nord-est,ripartizione,2018,50.3,FALSE,Tasso specifico di coorte,Ministero dell'Istruzione e del Merito; Ministero dell'Università e Ricerca
02IST004,Passaggio all'università,Totale,Nord-est,ripartizione,2019,51,FALSE,Tasso specifico di coorte,Ministero dell'Istruzione e del Merito; Ministero dell'Università e Ricerca
02IST004,Passaggio all'università,Totale,Nord-est,ripartizione,2020,52.6,FALSE,Tasso specifico di coorte,Ministero dell'Istruzione e del Merito; Ministero dell'Università e Ricerca
02IST004,Passaggio all'università,Totale,Nord-est,ripartizione,2021,52.3,FALSE,Tasso specifico di coorte,Ministero dell'Istruzione e del Merito; Ministero dell'Università e Ricerca
02IST004,Passaggio all'università,Totale,Nord-est,ripartizione,2022,52.2,FALSE,Tasso specifico di coorte,Ministero dell'Istruzione e del Merito; Ministero dell'Università e Ricerca
02IST004,Passaggio all'università,Totale,Nord-est,ripartizione,2023,53.5,FALSE,Tasso specifico di coorte,Ministero dell'Istruzione e del Merito; Ministero dell'Università e Ricerca
02IST005-N22,Uscita precoce dal sistema di istruzione e formazione,Femmine,Emilia-Romagna,regione,2018,8.9,FALSE,Valori percentuali,Istat - Rilevazione sulle Forze di lavoro
02IST005-N22,Uscita precoce dal sistema di istruzione e formazione,Femmine,Emilia-Romagna,regione,2019,8.2,FALSE,Valori percentuali,Istat - Rilevazione sulle Forze di lavoro
02IST005-N22,Uscita precoce dal sistema di istruzione e formazione,Femmine,Emilia-Romagna,regione,2020,8.7,FALSE,Valori percentuali,Istat - Rilevazione sulle Forze di lavoro
02IST005-N22,Uscita precoce dal sistema di istruzione e formazione,Femmine,Emilia-Romagna,regione,2021,8.5,FALSE,Valori percentuali,Istat - Rilevazione sulle Forze di lavoro
02IST005-N22,Uscita precoce dal sistema di istruzione e formazione,Femmine,Emilia-Romagna,regione,2022,8.4,FALSE,Valori percentuali,Istat - Rilevazione sulle Forze di lavoro
02IST005-N22,Uscita precoce dal sistema di istruzione e formazione,Femmine,Emilia-Romagna,regione,2023,6.9,FALSE,Valori percentuali,Istat - Rilevazione sulle Forze di lavoro
02IST005-N22,Uscita precoce dal sistema di istruzione e formazione,Femmine,Emilia-Romagna,regione,2024,7,FALSE,Valori percentuali,Istat - Rilevazione sulle Forze di lavoro
02IST005-N22,Uscita precoce dal sistema di istruzione e formazione,Femmine,Emilia-Romagna,regione,2025,5.1,FALSE,Valori percentuali,Istat - Rilevazione sulle Forze di lavoro
02IST005-N22,Uscita precoce dal sistema di istruzione e formazione,Femmine,Italia,italia,2018,12.1,FALSE,Valori percentuali,Istat - Rilevazione sulle Forze di lavoro
02IST005-N22,Uscita precoce dal sistema di istruzione e formazione,Femmine,Italia,italia,2019,11.3,FALSE,Valori percentuali,Istat - Rilevazione sulle Forze di lavoro
02IST005-N22,Uscita precoce dal sistema di istruzione e formazione,Femmine,Italia,italia,2020,11.3,FALSE,Valori percentuali,Istat - Rilevazione sulle Forze di lavoro
02IST005-N22,Uscita precoce dal sistema di istruzione e formazione,Femmine,Italia,italia,2021,10.5,FALSE,Valori percentuali,Istat - Rilevazione sulle Forze di lavoro
02IST005-N22,Uscita precoce dal sistema di istruzione e formazione,Femmine,Italia,italia,2022,9.1,FALSE,Valori percentuali,Istat - Rilevazione sulle Forze di lavoro
02IST005-N22,Uscita precoce dal sistema di istruzione e formazione,Femmine,Italia,italia,2023,7.6,FALSE,Valori percentuali,Istat - Rilevazione sulle Forze di lavoro
02IST005-N22,Uscita precoce dal sistema di istruzione e formazione,Femmine,Italia,italia,2024,7.1,FALSE,Valori percentuali,Istat - Rilevazione sulle Forze di lavoro
02IST005-N22,Uscita precoce dal sistema di istruzione e formazione,Femmine,Italia,italia,2025,6.2,FALSE,Valori percentuali,Istat - Rilevazione sulle Forze di lavoro
02IST005-N22,Uscita precoce dal sistema di istruzione e formazione,Femmine,Nord-est,ripartizione,2018,9.4,FALSE,Valori percentuali,Istat - Rilevazione sulle Forze di lavoro
02IST005-N22,Uscita precoce dal sistema di istruzione e formazione,Femmine,Nord-est,ripartizione,2019,7.8,FALSE,Valori percentuali,Istat - Rilevazione sulle Forze di lavoro
02IST005-N22,Uscita precoce dal sistema di istruzione e formazione,Femmine,Nord-est,ripartizione,2020,8.6,FALSE,Valori percentuali,Istat - Rilevazione sulle Forze di lavoro
02IST005-N22,Uscita precoce dal sistema di istruzione e formazione,Femmine,Nord-est,ripartizione,2021,7.9,FALSE,Valori percentuali,Istat - Rilevazione sulle Forze di lavoro
02IST005-N22,Uscita precoce dal sistema di istruzione e formazione,Femmine,Nord-est,ripartizione,2022,7,FALSE,Valori percentuali,Istat - Rilevazione sulle Forze di lavoro
02IST005-N22,Uscita precoce dal sistema di istruzione e formazione,Femmine,Nord-est,ripartizione,2023,6.5,FALSE,Valori percentuali,Istat - Rilevazione sulle Forze di lavoro
02IST005-N22,Uscita precoce dal sistema di istruzione e formazione,Femmine,Nord-est,ripartizione,2024,5.8,FALSE,Valori percentuali,Istat - Rilevazione sulle Forze di lavoro
02IST005-N22,Uscita precoce dal sistema di istruzione e formazione,Femmine,Nord-est,ripartizione,2025,4.6,FALSE,Valori percentuali,Istat - Rilevazione sulle Forze di lavoro
02IST005-N22,Uscita precoce dal sistema di istruzione e formazione,Maschi,Emilia-Romagna,regione,2018,12.5,FALSE,Valori percentuali,Istat - Rilevazione sulle Forze di lavoro
02IST005-N22,Uscita precoce dal sistema di istruzione e formazione,Maschi,Emilia-Romagna,regione,2019,13.8,FALSE,Valori percentuali,Istat - Rilevazione sulle Forze di lavoro
02IST005-N22,Uscita precoce dal sistema di istruzione e formazione,Maschi,Emilia-Romagna,regione,2020,11.3,FALSE,Valori percentuali,Istat - Rilevazione sulle Forze di lavoro
02IST005-N22,Uscita precoce dal sistema di istruzione e formazione,Maschi,Emilia-Romagna,regione,2021,11.2,FALSE,Valori percentuali,Istat - Rilevazione sulle Forze di lavoro
02IST005-N22,Uscita precoce dal sistema di istruzione e formazione,Maschi,Emilia-Romagna,regione,2022,10.5,FALSE,Valori percentuali,Istat - Rilevazione sulle Forze di lavoro
02IST005-N22,Uscita precoce dal sistema di istruzione e formazione,Maschi,Emilia-Romagna,regione,2023,7.7,FALSE,Valori percentuali,Istat - Rilevazione sulle Forze di lavoro
02IST005-N22,Uscita precoce dal sistema di istruzione e formazione,Maschi,Emilia-Romagna,regione,2024,8.8,FALSE,Valori percentuali,Istat - Rilevazione sulle Forze di lavoro
02IST005-N22,Uscita precoce dal sistema di istruzione e formazione,Maschi,Emilia-Romagna,regione,2025,6.9,FALSE,Valori percentuali,Istat - Rilevazione sulle Forze di lavoro
02IST005-N22,Uscita precoce dal sistema di istruzione e formazione,Maschi,Italia,italia,2018,16.3,FALSE,Valori percentuali,Istat - Rilevazione sulle Forze di lavoro
02IST005-N22,Uscita precoce dal sistema di istruzione e formazione,Maschi,Italia,italia,2019,15.2,FALSE,Valori percentuali,Istat - Rilevazione sulle Forze di lavoro
02IST005-N22,Uscita precoce dal sistema di istruzione e formazione,Maschi,Italia,italia,2020,16.9,FALSE,Valori percentuali,Istat - Rilevazione sulle Forze di lavoro
02IST005-N22,Uscita precoce dal sistema di istruzione e formazione,Maschi,Italia,italia,2021,14.8,FALSE,Valori percentuali,Istat - Rilevazione sulle Forze di lavoro
02IST005-N22,Uscita precoce dal sistema di istruzione e formazione,Maschi,Italia,italia,2022,13.6,FALSE,Valori percentuali,Istat - Rilevazione sulle Forze di lavoro
02IST005-N22,Uscita precoce dal sistema di istruzione e formazione,Maschi,Italia,italia,2023,13.1,FALSE,Valori percentuali,Istat - Rilevazione sulle Forze di lavoro
02IST005-N22,Uscita precoce dal sistema di istruzione e formazione,Maschi,Italia,italia,2024,12.2,FALSE,Valori percentuali,Istat - Rilevazione sulle Forze di lavoro
02IST005-N22,Uscita precoce dal sistema di istruzione e formazione,Maschi,Italia,italia,2025,10.1,FALSE,Valori percentuali,Istat - Rilevazione sulle Forze di lavoro
02IST005-N22,Uscita precoce dal sistema di istruzione e formazione,Maschi,Nord-est,ripartizione,2018,11.5,FALSE,Valori percentuali,Istat - Rilevazione sulle Forze di lavoro
02IST005-N22,Uscita precoce dal sistema di istruzione e formazione,Maschi,Nord-est,ripartizione,2019,11.1,FALSE,Valori percentuali,Istat - Rilevazione sulle Forze di lavoro
02IST005-N22,Uscita precoce dal sistema di istruzione e formazione,Maschi,Nord-est,ripartizione,2020,12.3,FALSE,Valori percentuali,Istat - Rilevazione sulle Forze di lavoro
02IST005-N22,Uscita precoce dal sistema di istruzione e formazione,Maschi,Nord-est,ripartizione,2021,11.2,FALSE,Valori percentuali,Istat - Rilevazione sulle Forze di lavoro
02IST005-N22,Uscita precoce dal sistema di istruzione e formazione,Maschi,Nord-est,ripartizione,2022,11.7,FALSE,Valori percentuali,Istat - Rilevazione sulle Forze di lavoro
02IST005-N22,Uscita precoce dal sistema di istruzione e formazione,Maschi,Nord-est,ripartizione,2023,11,FALSE,Valori percentuali,Istat - Rilevazione sulle Forze di lavoro
02IST005-N22,Uscita precoce dal sistema di istruzione e formazione,Maschi,Nord-est,ripartizione,2024,11.4,FALSE,Valori percentuali,Istat - Rilevazione sulle Forze di lavoro
02IST005-N22,Uscita precoce dal sistema di istruzione e formazione,Maschi,Nord-est,ripartizione,2025,8.8,FALSE,Valori percentuali,Istat - Rilevazione sulle Forze di lavoro
02IST005-N22,Uscita precoce dal sistema di istruzione e formazione,Totale,Emilia-Romagna,regione,2018,10.8,FALSE,Valori percentuali,Istat - Rilevazione sulle Forze di lavoro
02IST005-N22,Uscita precoce dal sistema di istruzione e formazione,Totale,Emilia-Romagna,regione,2019,11.1,FALSE,Valori percentuali,Istat - Rilevazione sulle Forze di lavoro
02IST005-N22,Uscita precoce dal sistema di istruzione e formazione,Totale,Emilia-Romagna,regione,2020,10.1,FALSE,Valori percentuali,Istat - Rilevazione sulle Forze di lavoro
02IST005-N22,Uscita precoce dal sistema di istruzione e formazione,Totale,Emilia-Romagna,regione,2021,9.9,FALSE,Valori percentuali,Istat - Rilevazione sulle Forze di lavoro
02IST005-N22,Uscita precoce dal sistema di istruzione e formazione,Totale,Emilia-Romagna,regione,2022,9.5,FALSE,Valori percentuali,Istat - Rilevazione sulle Forze di lavoro
02IST005-N22,Uscita precoce dal sistema di istruzione e formazione,Totale,Emilia-Romagna,regione,2023,7.3,FALSE,Valori percentuali,Istat - Rilevazione sulle Forze di lavoro
02IST005-N22,Uscita precoce dal sistema di istruzione e formazione,Totale,Emilia-Romagna,regione,2024,7.9,FALSE,Valori percentuali,Istat - Rilevazione sulle Forze di lavoro
02IST005-N22,Uscita precoce dal sistema di istruzione e formazione,Totale,Emilia-Romagna,regione,2025,6,FALSE,Valori percentuali,Istat - Rilevazione sulle Forze di lavoro
02IST005-N22,Uscita precoce dal sistema di istruzione e formazione,Totale,Italia,italia,2018,14.3,FALSE,Valori percentuali,Istat - Rilevazione sulle Forze di lavoro
02IST005-N22,Uscita precoce dal sistema di istruzione e formazione,Totale,Italia,italia,2019,13.3,FALSE,Valori percentuali,Istat - Rilevazione sulle Forze di lavoro
02IST005-N22,Uscita precoce dal sistema di istruzione e formazione,Totale,Italia,italia,2020,14.2,FALSE,Valori percentuali,Istat - Rilevazione sulle Forze di lavoro
02IST005-N22,Uscita precoce dal sistema di istruzione e formazione,Totale,Italia,italia,2021,12.7,FALSE,Valori percentuali,Istat - Rilevazione sulle Forze di lavoro
02IST005-N22,Uscita precoce dal sistema di istruzione e formazione,Totale,Italia,italia,2022,11.5,FALSE,Valori percentuali,Istat - Rilevazione sulle Forze di lavoro
02IST005-N22,Uscita precoce dal sistema di istruzione e formazione,Totale,Italia,italia,2023,10.5,FALSE,Valori percentuali,Istat - Rilevazione sulle Forze di lavoro
02IST005-N22,Uscita precoce dal sistema di istruzione e formazione,Totale,Italia,italia,2024,9.8,FALSE,Valori percentuali,Istat - Rilevazione sulle Forze di lavoro
02IST005-N22,Uscita precoce dal sistema di istruzione e formazione,Totale,Italia,italia,2025,8.2,FALSE,Valori percentuali,Istat - Rilevazione sulle Forze di lavoro
02IST005-N22,Uscita precoce dal sistema di istruzione e formazione,Totale,Nord-est,ripartizione,2018,10.5,FALSE,Valori percentuali,Istat - Rilevazione sulle Forze di lavoro
02IST005-N22,Uscita precoce dal sistema di istruzione e formazione,Totale,Nord-est,ripartizione,2019,9.5,FALSE,Valori percentuali,Istat - Rilevazione sulle Forze di lavoro
02IST005-N22,Uscita precoce dal sistema di istruzione e formazione,Totale,Nord-est,ripartizione,2020,10.5,FALSE,Valori percentuali,Istat - Rilevazione sulle Forze di lavoro
02IST005-N22,Uscita precoce dal sistema di istruzione e formazione,Totale,Nord-est,ripartizione,2021,9.6,FALSE,Valori percentuali,Istat - Rilevazione sulle Forze di lavoro
02IST005-N22,Uscita precoce dal sistema di istruzione e formazione,Totale,Nord-est,ripartizione,2022,9.4,FALSE,Valori percentuali,Istat - Rilevazione sulle Forze di lavoro
02IST005-N22,Uscita precoce dal sistema di istruzione e formazione,Totale,Nord-est,ripartizione,2023,8.8,FALSE,Valori percentuali,Istat - Rilevazione sulle Forze di lavoro
02IST005-N22,Uscita precoce dal sistema di istruzione e formazione,Totale,Nord-est,ripartizione,2024,8.7,FALSE,Valori percentuali,Istat - Rilevazione sulle Forze di lavoro
02IST005-N22,Uscita precoce dal sistema di istruzione e formazione,Totale,Nord-est,ripartizione,2025,6.8,FALSE,Valori percentuali,Istat - Rilevazione sulle Forze di lavoro
02IST006-N22,Giovani che non lavorano e non studiano (NEET),Femmine,Emilia-Romagna,regione,2018,20.3,FALSE,Valori percentuali,Istat - Rilevazione sulle Forze di lavoro
02IST006-N22,Giovani che non lavorano e non studiano (NEET),Femmine,Emilia-Romagna,regione,2019,17.4,FALSE,Valori percentuali,Istat - Rilevazione sulle Forze di lavoro
02IST006-N22,Giovani che non lavorano e non studiano (NEET),Femmine,Emilia-Romagna,regione,2020,20.3,FALSE,Valori percentuali,Istat - Rilevazione sulle Forze di lavoro
02IST006-N22,Giovani che non lavorano e non studiano (NEET),Femmine,Emilia-Romagna,regione,2021,19.3,FALSE,Valori percentuali,Istat - Rilevazione sulle Forze di lavoro
02IST006-N22,Giovani che non lavorano e non studiano (NEET),Femmine,Emilia-Romagna,regione,2022,13.5,FALSE,Valori percentuali,Istat - Rilevazione sulle Forze di lavoro
02IST006-N22,Giovani che non lavorano e non studiano (NEET),Femmine,Emilia-Romagna,regione,2023,14.1,FALSE,Valori percentuali,Istat - Rilevazione sulle Forze di lavoro
02IST006-N22,Giovani che non lavorano e non studiano (NEET),Femmine,Emilia-Romagna,regione,2024,12.5,FALSE,Valori percentuali,Istat - Rilevazione sulle Forze di lavoro
02IST006-N22,Giovani che non lavorano e non studiano (NEET),Femmine,Emilia-Romagna,regione,2025,10.5,FALSE,Valori percentuali,Istat - Rilevazione sulle Forze di lavoro
02IST006-N22,Giovani che non lavorano e non studiano (NEET),Femmine,Italia,italia,2018,25.2,FALSE,Valori percentuali,Istat - Rilevazione sulle Forze di lavoro
02IST006-N22,Giovani che non lavorano e non studiano (NEET),Femmine,Italia,italia,2019,24.1,FALSE,Valori percentuali,Istat - Rilevazione sulle Forze di lavoro
02IST006-N22,Giovani che non lavorano e non studiano (NEET),Femmine,Italia,italia,2020,25.8,FALSE,Valori percentuali,Istat - Rilevazione sulle Forze di lavoro
02IST006-N22,Giovani che non lavorano e non studiano (NEET),Femmine,Italia,italia,2021,25,FALSE,Valori percentuali,Istat - Rilevazione sulle Forze di lavoro
02IST006-N22,Giovani che non lavorano e non studiano (NEET),Femmine,Italia,italia,2022,20.5,FALSE,Valori percentuali,Istat - Rilevazione sulle Forze di lavoro
02IST006-N22,Giovani che non lavorano e non studiano (NEET),Femmine,Italia,italia,2023,17.8,FALSE,Valori percentuali,Istat - Rilevazione sulle Forze di lavoro
02IST006-N22,Giovani che non lavorano e non studiano (NEET),Femmine,Italia,italia,2024,16.6,FALSE,Valori percentuali,Istat - Rilevazione sulle Forze di lavoro
02IST006-N22,Giovani che non lavorano e non studiano (NEET),Femmine,Italia,italia,2025,14.9,FALSE,Valori percentuali,Istat - Rilevazione sulle Forze di lavoro
02IST006-N22,Giovani che non lavorano e non studiano (NEET),Femmine,Nord-est,ripartizione,2018,18.3,FALSE,Valori percentuali,Istat - Rilevazione sulle Forze di lavoro
02IST006-N22,Giovani che non lavorano e non studiano (NEET),Femmine,Nord-est,ripartizione,2019,16.1,FALSE,Valori percentuali,Istat - Rilevazione sulle Forze di lavoro
02IST006-N22,Giovani che non lavorano e non studiano (NEET),Femmine,Nord-est,ripartizione,2020,18.2,FALSE,Valori percentuali,Istat - Rilevazione sulle Forze di lavoro
02IST006-N22,Giovani che non lavorano e non studiano (NEET),Femmine,Nord-est,ripartizione,2021,17.2,FALSE,Valori percentuali,Istat - Rilevazione sulle Forze di lavoro
02IST006-N22,Giovani che non lavorano e non studiano (NEET),Femmine,Nord-est,ripartizione,2022,13.8,FALSE,Valori percentuali,Istat - Rilevazione sulle Forze di lavoro
02IST006-N22,Giovani che non lavorano e non studiano (NEET),Femmine,Nord-est,ripartizione,2023,13.4,FALSE,Valori percentuali,Istat - Rilevazione sulle Forze di lavoro
02IST006-N22,Giovani che non lavorano e non studiano (NEET),Femmine,Nord-est,ripartizione,2024,11.7,FALSE,Valori percentuali,Istat - Rilevazione sulle Forze di lavoro
02IST006-N22,Giovani che non lavorano e non studiano (NEET),Femmine,Nord-est,ripartizione,2025,10.2,FALSE,Valori percentuali,Istat - Rilevazione sulle Forze di lavoro
02IST006-N22,Giovani che non lavorano e non studiano (NEET),Maschi,Emilia-Romagna,regione,2018,10.6,FALSE,Valori percentuali,Istat - Rilevazione sulle Forze di lavoro
02IST006-N22,Giovani che non lavorano e non studiano (NEET),Maschi,Emilia-Romagna,regione,2019,11,FALSE,Valori percentuali,Istat - Rilevazione sulle Forze di lavoro
02IST006-N22,Giovani che non lavorano e non studiano (NEET),Maschi,Emilia-Romagna,regione,2020,12,FALSE,Valori percentuali,Istat - Rilevazione sulle Forze di lavoro
02IST006-N22,Giovani che non lavorano e non studiano (NEET),Maschi,Emilia-Romagna,regione,2021,11.3,FALSE,Valori percentuali,Istat - Rilevazione sulle Forze di lavoro
02IST006-N22,Giovani che non lavorano e non studiano (NEET),Maschi,Emilia-Romagna,regione,2022,11,FALSE,Valori percentuali,Istat - Rilevazione sulle Forze di lavoro
02IST006-N22,Giovani che non lavorano e non studiano (NEET),Maschi,Emilia-Romagna,regione,2023,8.1,FALSE,Valori percentuali,Istat - Rilevazione sulle Forze di lavoro
02IST006-N22,Giovani che non lavorano e non studiano (NEET),Maschi,Emilia-Romagna,regione,2024,6.8,FALSE,Valori percentuali,Istat - Rilevazione sulle Forze di lavoro
02IST006-N22,Giovani che non lavorano e non studiano (NEET),Maschi,Emilia-Romagna,regione,2025,6.1,FALSE,Valori percentuali,Istat - Rilevazione sulle Forze di lavoro
02IST006-N22,Giovani che non lavorano e non studiano (NEET),Maschi,Italia,italia,2018,21.3,FALSE,Valori percentuali,Istat - Rilevazione sulle Forze di lavoro
02IST006-N22,Giovani che non lavorano e non studiano (NEET),Maschi,Italia,italia,2019,20.1,FALSE,Valori percentuali,Istat - Rilevazione sulle Forze di lavoro
02IST006-N22,Giovani che non lavorano e non studiano (NEET),Maschi,Italia,italia,2020,21.8,FALSE,Valori percentuali,Istat - Rilevazione sulle Forze di lavoro
02IST006-N22,Giovani che non lavorano e non studiano (NEET),Maschi,Italia,italia,2021,21.2,FALSE,Valori percentuali,Istat - Rilevazione sulle Forze di lavoro
02IST006-N22,Giovani che non lavorano e non studiano (NEET),Maschi,Italia,italia,2022,17.7,FALSE,Valori percentuali,Istat - Rilevazione sulle Forze di lavoro
02IST006-N22,Giovani che non lavorano e non studiano (NEET),Maschi,Italia,italia,2023,14.4,FALSE,Valori percentuali,Istat - Rilevazione sulle Forze di lavoro
02IST006-N22,Giovani che non lavorano e non studiano (NEET),Maschi,Italia,italia,2024,13.8,FALSE,Valori percentuali,Istat - Rilevazione sulle Forze di lavoro
02IST006-N22,Giovani che non lavorano e non studiano (NEET),Maschi,Italia,italia,2025,11.8,FALSE,Valori percentuali,Istat - Rilevazione sulle Forze di lavoro
02IST006-N22,Giovani che non lavorano e non studiano (NEET),Maschi,Nord-est,ripartizione,2018,11.3,FALSE,Valori percentuali,Istat - Rilevazione sulle Forze di lavoro
02IST006-N22,Giovani che non lavorano e non studiano (NEET),Maschi,Nord-est,ripartizione,2019,10,FALSE,Valori percentuali,Istat - Rilevazione sulle Forze di lavoro
02IST006-N22,Giovani che non lavorano e non studiano (NEET),Maschi,Nord-est,ripartizione,2020,11.9,FALSE,Valori percentuali,Istat - Rilevazione sulle Forze di lavoro
02IST006-N22,Giovani che non lavorano e non studiano (NEET),Maschi,Nord-est,ripartizione,2021,12.4,FALSE,Valori percentuali,Istat - Rilevazione sulle Forze di lavoro
02IST006-N22,Giovani che non lavorano e non studiano (NEET),Maschi,Nord-est,ripartizione,2022,11.4,FALSE,Valori percentuali,Istat - Rilevazione sulle Forze di lavoro
02IST006-N22,Giovani che non lavorano e non studiano (NEET),Maschi,Nord-est,ripartizione,2023,7.9,FALSE,Valori percentuali,Istat - Rilevazione sulle Forze di lavoro
02IST006-N22,Giovani che non lavorano e non studiano (NEET),Maschi,Nord-est,ripartizione,2024,6.9,FALSE,Valori percentuali,Istat - Rilevazione sulle Forze di lavoro
02IST006-N22,Giovani che non lavorano e non studiano (NEET),Maschi,Nord-est,ripartizione,2025,6,FALSE,Valori percentuali,Istat - Rilevazione sulle Forze di lavoro
02IST006-N22,Giovani che non lavorano e non studiano (NEET),Totale,Emilia-Romagna,regione,2018,15.3,FALSE,Valori percentuali,Istat - Rilevazione sulle Forze di lavoro
02IST006-N22,Giovani che non lavorano e non studiano (NEET),Totale,Emilia-Romagna,regione,2019,14.1,FALSE,Valori percentuali,Istat - Rilevazione sulle Forze di lavoro
02IST006-N22,Giovani che non lavorano e non studiano (NEET),Totale,Emilia-Romagna,regione,2020,16,FALSE,Valori percentuali,Istat - Rilevazione sulle Forze di lavoro
02IST006-N22,Giovani che non lavorano e non studiano (NEET),Totale,Emilia-Romagna,regione,2021,15.1,FALSE,Valori percentuali,Istat - Rilevazione sulle Forze di lavoro
02IST006-N22,Giovani che non lavorano e non studiano (NEET),Totale,Emilia-Romagna,regione,2022,12.2,FALSE,Valori percentuali,Istat - Rilevazione sulle Forze di lavoro
02IST006-N22,Giovani che non lavorano e non studiano (NEET),Totale,Emilia-Romagna,regione,2023,11,FALSE,Valori percentuali,Istat - Rilevazione sulle Forze di lavoro
02IST006-N22,Giovani che non lavorano e non studiano (NEET),Totale,Emilia-Romagna,regione,2024,9.6,FALSE,Valori percentuali,Istat - Rilevazione sulle Forze di lavoro
02IST006-N22,Giovani che non lavorano e non studiano (NEET),Totale,Emilia-Romagna,regione,2025,8.2,FALSE,Valori percentuali,Istat - Rilevazione sulle Forze di lavoro
02IST006-N22,Giovani che non lavorano e non studiano (NEET),Totale,Italia,italia,2018,23.2,FALSE,Valori percentuali,Istat - Rilevazione sulle Forze di lavoro
02IST006-N22,Giovani che non lavorano e non studiano (NEET),Totale,Italia,italia,2019,22.1,FALSE,Valori percentuali,Istat - Rilevazione sulle Forze di lavoro
02IST006-N22,Giovani che non lavorano e non studiano (NEET),Totale,Italia,italia,2020,23.7,FALSE,Valori percentuali,Istat - Rilevazione sulle Forze di lavoro
02IST006-N22,Giovani che non lavorano e non studiano (NEET),Totale,Italia,italia,2021,23.1,FALSE,Valori percentuali,Istat - Rilevazione sulle Forze di lavoro
02IST006-N22,Giovani che non lavorano e non studiano (NEET),Totale,Italia,italia,2022,19,FALSE,Valori percentuali,Istat - Rilevazione sulle Forze di lavoro
02IST006-N22,Giovani che non lavorano e non studiano (NEET),Totale,Italia,italia,2023,16.1,FALSE,Valori percentuali,Istat - Rilevazione sulle Forze di lavoro
02IST006-N22,Giovani che non lavorano e non studiano (NEET),Totale,Italia,italia,2024,15.2,FALSE,Valori percentuali,Istat - Rilevazione sulle Forze di lavoro
02IST006-N22,Giovani che non lavorano e non studiano (NEET),Totale,Italia,italia,2025,13.3,FALSE,Valori percentuali,Istat - Rilevazione sulle Forze di lavoro
02IST006-N22,Giovani che non lavorano e non studiano (NEET),Totale,Nord-est,ripartizione,2018,14.7,FALSE,Valori percentuali,Istat - Rilevazione sulle Forze di lavoro
02IST006-N22,Giovani che non lavorano e non studiano (NEET),Totale,Nord-est,ripartizione,2019,13,FALSE,Valori percentuali,Istat - Rilevazione sulle Forze di lavoro
02IST006-N22,Giovani che non lavorano e non studiano (NEET),Totale,Nord-est,ripartizione,2020,15,FALSE,Valori percentuali,Istat - Rilevazione sulle Forze di lavoro
02IST006-N22,Giovani che non lavorano e non studiano (NEET),Totale,Nord-est,ripartizione,2021,14.7,FALSE,Valori percentuali,Istat - Rilevazione sulle Forze di lavoro
02IST006-N22,Giovani che non lavorano e non studiano (NEET),Totale,Nord-est,ripartizione,2022,12.5,FALSE,Valori percentuali,Istat - Rilevazione sulle Forze di lavoro
02IST006-N22,Giovani che non lavorano e non studiano (NEET),Totale,Nord-est,ripartizione,2023,10.6,FALSE,Valori percentuali,Istat - Rilevazione sulle Forze di lavoro
02IST006-N22,Giovani che non lavorano e non studiano (NEET),Totale,Nord-est,ripartizione,2024,9.2,FALSE,Valori percentuali,Istat - Rilevazione sulle Forze di lavoro
02IST006-N22,Giovani che non lavorano e non studiano (NEET),Totale,Nord-est,ripartizione,2025,8,FALSE,Valori percentuali,Istat - Rilevazione sulle Forze di lavoro
02IST007-N22,Partecipazione alla formazione continua,Femmine,Emilia-Romagna,regione,2018,12,FALSE,Valori percentuali,Istat - Rilevazione sulle Forze di lavoro
02IST007-N22,Partecipazione alla formazione continua,Femmine,Emilia-Romagna,regione,2019,11.3,FALSE,Valori percentuali,Istat - Rilevazione sulle Forze di lavoro
02IST007-N22,Partecipazione alla formazione continua,Femmine,Emilia-Romagna,regione,2020,9.7,FALSE,Valori percentuali,Istat - Rilevazione sulle Forze di lavoro
02IST007-N22,Partecipazione alla formazione continua,Femmine,Emilia-Romagna,regione,2021,13.1,FALSE,Valori percentuali,Istat - Rilevazione sulle Forze di lavoro
02IST007-N22,Partecipazione alla formazione continua,Femmine,Emilia-Romagna,regione,2022,12.8,FALSE,Valori percentuali,Istat - Rilevazione sulle Forze di lavoro
02IST007-N22,Partecipazione alla formazione continua,Femmine,Emilia-Romagna,regione,2023,14.7,FALSE,Valori percentuali,Istat - Rilevazione sulle Forze di lavoro
02IST007-N22,Partecipazione alla formazione continua,Femmine,Emilia-Romagna,regione,2024,14.4,FALSE,Valori percentuali,Istat - Rilevazione sulle Forze di lavoro
02IST007-N22,Partecipazione alla formazione continua,Femmine,Emilia-Romagna,regione,2025,13.4,FALSE,Valori percentuali,Istat - Rilevazione sulle Forze di lavoro
02IST007-N22,Partecipazione alla formazione continua,Femmine,Italia,italia,2018,8.6,FALSE,Valori percentuali,Istat - Rilevazione sulle Forze di lavoro
02IST007-N22,Partecipazione alla formazione continua,Femmine,Italia,italia,2019,8.6,FALSE,Valori percentuali,Istat - Rilevazione sulle Forze di lavoro
02IST007-N22,Partecipazione alla formazione continua,Femmine,Italia,italia,2020,7.4,FALSE,Valori percentuali,Istat - Rilevazione sulle Forze di lavoro
02IST007-N22,Partecipazione alla formazione continua,Femmine,Italia,italia,2021,10,FALSE,Valori percentuali,Istat - Rilevazione sulle Forze di lavoro
02IST007-N22,Partecipazione alla formazione continua,Femmine,Italia,italia,2022,9.9,FALSE,Valori percentuali,Istat - Rilevazione sulle Forze di lavoro
02IST007-N22,Partecipazione alla formazione continua,Femmine,Italia,italia,2023,11.8,FALSE,Valori percentuali,Istat - Rilevazione sulle Forze di lavoro
02IST007-N22,Partecipazione alla formazione continua,Femmine,Italia,italia,2024,10.8,FALSE,Valori percentuali,Istat - Rilevazione sulle Forze di lavoro
02IST007-N22,Partecipazione alla formazione continua,Femmine,Italia,italia,2025,11,FALSE,Valori percentuali,Istat - Rilevazione sulle Forze di lavoro
02IST007-N22,Partecipazione alla formazione continua,Femmine,Nord-est,ripartizione,2018,11.4,FALSE,Valori percentuali,Istat - Rilevazione sulle Forze di lavoro
02IST007-N22,Partecipazione alla formazione continua,Femmine,Nord-est,ripartizione,2019,11.1,FALSE,Valori percentuali,Istat - Rilevazione sulle Forze di lavoro
02IST007-N22,Partecipazione alla formazione continua,Femmine,Nord-est,ripartizione,2020,9,FALSE,Valori percentuali,Istat - Rilevazione sulle Forze di lavoro
02IST007-N22,Partecipazione alla formazione continua,Femmine,Nord-est,ripartizione,2021,11.9,FALSE,Valori percentuali,Istat - Rilevazione sulle Forze di lavoro
02IST007-N22,Partecipazione alla formazione continua,Femmine,Nord-est,ripartizione,2022,11.8,FALSE,Valori percentuali,Istat - Rilevazione sulle Forze di lavoro
02IST007-N22,Partecipazione alla formazione continua,Femmine,Nord-est,ripartizione,2023,14.3,FALSE,Valori percentuali,Istat - Rilevazione sulle Forze di lavoro
02IST007-N22,Partecipazione alla formazione continua,Femmine,Nord-est,ripartizione,2024,13.3,FALSE,Valori percentuali,Istat - Rilevazione sulle Forze di lavoro
02IST007-N22,Partecipazione alla formazione continua,Femmine,Nord-est,ripartizione,2025,13.4,FALSE,Valori percentuali,Istat - Rilevazione sulle Forze di lavoro
02IST007-N22,Partecipazione alla formazione continua,Maschi,Emilia-Romagna,regione,2018,9.9,FALSE,Valori percentuali,Istat - Rilevazione sulle Forze di lavoro
02IST007-N22,Partecipazione alla formazione continua,Maschi,Emilia-Romagna,regione,2019,9.4,FALSE,Valori percentuali,Istat - Rilevazione sulle Forze di lavoro
02IST007-N22,Partecipazione alla formazione continua,Maschi,Emilia-Romagna,regione,2020,8.8,FALSE,Valori percentuali,Istat - Rilevazione sulle Forze di lavoro
02IST007-N22,Partecipazione alla formazione continua,Maschi,Emilia-Romagna,regione,2021,11.6,FALSE,Valori percentuali,Istat - Rilevazione sulle Forze di lavoro
02IST007-N22,Partecipazione alla formazione continua,Maschi,Emilia-Romagna,regione,2022,10.9,FALSE,Valori percentuali,Istat - Rilevazione sulle Forze di lavoro
02IST007-N22,Partecipazione alla formazione continua,Maschi,Emilia-Romagna,regione,2023,12.9,FALSE,Valori percentuali,Istat - Rilevazione sulle Forze di lavoro
02IST007-N22,Partecipazione alla formazione continua,Maschi,Emilia-Romagna,regione,2024,12.8,FALSE,Valori percentuali,Istat - Rilevazione sulle Forze di lavoro
02IST007-N22,Partecipazione alla formazione continua,Maschi,Emilia-Romagna,regione,2025,12.7,FALSE,Valori percentuali,Istat - Rilevazione sulle Forze di lavoro
02IST007-N22,Partecipazione alla formazione continua,Maschi,Italia,italia,2018,7.7,FALSE,Valori percentuali,Istat - Rilevazione sulle Forze di lavoro
02IST007-N22,Partecipazione alla formazione continua,Maschi,Italia,italia,2019,7.7,FALSE,Valori percentuali,Istat - Rilevazione sulle Forze di lavoro
02IST007-N22,Partecipazione alla formazione continua,Maschi,Italia,italia,2020,6.9,FALSE,Valori percentuali,Istat - Rilevazione sulle Forze di lavoro
02IST007-N22,Partecipazione alla formazione continua,Maschi,Italia,italia,2021,9.8,FALSE,Valori percentuali,Istat - Rilevazione sulle Forze di lavoro
02IST007-N22,Partecipazione alla formazione continua,Maschi,Italia,italia,2022,9.4,FALSE,Valori percentuali,Istat - Rilevazione sulle Forze di lavoro
02IST007-N22,Partecipazione alla formazione continua,Maschi,Italia,italia,2023,11.3,FALSE,Valori percentuali,Istat - Rilevazione sulle Forze di lavoro
02IST007-N22,Partecipazione alla formazione continua,Maschi,Italia,italia,2024,10,FALSE,Valori percentuali,Istat - Rilevazione sulle Forze di lavoro
02IST007-N22,Partecipazione alla formazione continua,Maschi,Italia,italia,2025,10.5,FALSE,Valori percentuali,Istat - Rilevazione sulle Forze di lavoro
02IST007-N22,Partecipazione alla formazione continua,Maschi,Nord-est,ripartizione,2018,9.6,FALSE,Valori percentuali,Istat - Rilevazione sulle Forze di lavoro
02IST007-N22,Partecipazione alla formazione continua,Maschi,Nord-est,ripartizione,2019,9.4,FALSE,Valori percentuali,Istat - Rilevazione sulle Forze di lavoro
02IST007-N22,Partecipazione alla formazione continua,Maschi,Nord-est,ripartizione,2020,8,FALSE,Valori percentuali,Istat - Rilevazione sulle Forze di lavoro
02IST007-N22,Partecipazione alla formazione continua,Maschi,Nord-est,ripartizione,2021,11.1,FALSE,Valori percentuali,Istat - Rilevazione sulle Forze di lavoro
02IST007-N22,Partecipazione alla formazione continua,Maschi,Nord-est,ripartizione,2022,10.8,FALSE,Valori percentuali,Istat - Rilevazione sulle Forze di lavoro
02IST007-N22,Partecipazione alla formazione continua,Maschi,Nord-est,ripartizione,2023,13.5,FALSE,Valori percentuali,Istat - Rilevazione sulle Forze di lavoro
02IST007-N22,Partecipazione alla formazione continua,Maschi,Nord-est,ripartizione,2024,12.6,FALSE,Valori percentuali,Istat - Rilevazione sulle Forze di lavoro
02IST007-N22,Partecipazione alla formazione continua,Maschi,Nord-est,ripartizione,2025,13,FALSE,Valori percentuali,Istat - Rilevazione sulle Forze di lavoro
02IST007-N22,Partecipazione alla formazione continua,Totale,Emilia-Romagna,regione,2018,11,FALSE,Valori percentuali,Istat - Rilevazione sulle Forze di lavoro
02IST007-N22,Partecipazione alla formazione continua,Totale,Emilia-Romagna,regione,2019,10.4,FALSE,Valori percentuali,Istat - Rilevazione sulle Forze di lavoro
02IST007-N22,Partecipazione alla formazione continua,Totale,Emilia-Romagna,regione,2020,9.3,FALSE,Valori percentuali,Istat - Rilevazione sulle Forze di lavoro
02IST007-N22,Partecipazione alla formazione continua,Totale,Emilia-Romagna,regione,2021,12.3,FALSE,Valori percentuali,Istat - Rilevazione sulle Forze di lavoro
02IST007-N22,Partecipazione alla formazione continua,Totale,Emilia-Romagna,regione,2022,11.9,FALSE,Valori percentuali,Istat - Rilevazione sulle Forze di lavoro
02IST007-N22,Partecipazione alla formazione continua,Totale,Emilia-Romagna,regione,2023,13.8,FALSE,Valori percentuali,Istat - Rilevazione sulle Forze di lavoro
02IST007-N22,Partecipazione alla formazione continua,Totale,Emilia-Romagna,regione,2024,13.6,FALSE,Valori percentuali,Istat - Rilevazione sulle Forze di lavoro
02IST007-N22,Partecipazione alla formazione continua,Totale,Emilia-Romagna,regione,2025,13.1,FALSE,Valori percentuali,Istat - Rilevazione sulle Forze di lavoro
02IST007-N22,Partecipazione alla formazione continua,Totale,Italia,italia,2018,8.1,FALSE,Valori percentuali,Istat - Rilevazione sulle Forze di lavoro
02IST007-N22,Partecipazione alla formazione continua,Totale,Italia,italia,2019,8.1,FALSE,Valori percentuali,Istat - Rilevazione sulle Forze di lavoro
02IST007-N22,Partecipazione alla formazione continua,Totale,Italia,italia,2020,7.1,FALSE,Valori percentuali,Istat - Rilevazione sulle Forze di lavoro
02IST007-N22,Partecipazione alla formazione continua,Totale,Italia,italia,2021,9.9,FALSE,Valori percentuali,Istat - Rilevazione sulle Forze di lavoro
02IST007-N22,Partecipazione alla formazione continua,Totale,Italia,italia,2022,9.6,FALSE,Valori percentuali,Istat - Rilevazione sulle Forze di lavoro
02IST007-N22,Partecipazione alla formazione continua,Totale,Italia,italia,2023,11.6,FALSE,Valori percentuali,Istat - Rilevazione sulle Forze di lavoro
02IST007-N22,Partecipazione alla formazione continua,Totale,Italia,italia,2024,10.4,FALSE,Valori percentuali,Istat - Rilevazione sulle Forze di lavoro
02IST007-N22,Partecipazione alla formazione continua,Totale,Italia,italia,2025,10.8,FALSE,Valori percentuali,Istat - Rilevazione sulle Forze di lavoro
02IST007-N22,Partecipazione alla formazione continua,Totale,Nord-est,ripartizione,2018,10.5,FALSE,Valori percentuali,Istat - Rilevazione sulle Forze di lavoro
02IST007-N22,Partecipazione alla formazione continua,Totale,Nord-est,ripartizione,2019,10.3,FALSE,Valori percentuali,Istat - Rilevazione sulle Forze di lavoro
02IST007-N22,Partecipazione alla formazione continua,Totale,Nord-est,ripartizione,2020,8.5,FALSE,Valori percentuali,Istat - Rilevazione sulle Forze di lavoro
02IST007-N22,Partecipazione alla formazione continua,Totale,Nord-est,ripartizione,2021,11.5,FALSE,Valori percentuali,Istat - Rilevazione sulle Forze di lavoro
02IST007-N22,Partecipazione alla formazione continua,Totale,Nord-est,ripartizione,2022,11.3,FALSE,Valori percentuali,Istat - Rilevazione sulle Forze di lavoro
02IST007-N22,Partecipazione alla formazione continua,Totale,Nord-est,ripartizione,2023,13.9,FALSE,Valori percentuali,Istat - Rilevazione sulle Forze di lavoro
02IST007-N22,Partecipazione alla formazione continua,Totale,Nord-est,ripartizione,2024,13,FALSE,Valori percentuali,Istat - Rilevazione sulle Forze di lavoro
02IST007-N22,Partecipazione alla formazione continua,Totale,Nord-est,ripartizione,2025,13.2,FALSE,Valori percentuali,Istat - Rilevazione sulle Forze di lavoro
02IST020,Bambini di 0-2 anni iscritti al nido,Totale,Emilia-Romagna,regione,2006,19.1,FALSE,Valori percentuali,Istat - Indagine multiscopo sugli aspetti della vita quotidiana
02IST020,Bambini di 0-2 anni iscritti al nido,Totale,Emilia-Romagna,regione,2007,22.8,FALSE,Valori percentuali,Istat - Indagine multiscopo sugli aspetti della vita quotidiana
02IST020,Bambini di 0-2 anni iscritti al nido,Totale,Emilia-Romagna,regione,2008,27.1,FALSE,Valori percentuali,Istat - Indagine multiscopo sugli aspetti della vita quotidiana
02IST020,Bambini di 0-2 anni iscritti al nido,Totale,Emilia-Romagna,regione,2009,25.6,FALSE,Valori percentuali,Istat - Indagine multiscopo sugli aspetti della vita quotidiana
02IST020,Bambini di 0-2 anni iscritti al nido,Totale,Emilia-Romagna,regione,2010,25.2,FALSE,Valori percentuali,Istat - Indagine multiscopo sugli aspetti della vita quotidiana
02IST020,Bambini di 0-2 anni iscritti al nido,Totale,Emilia-Romagna,regione,2011,24.6,FALSE,Valori percentuali,Istat - Indagine multiscopo sugli aspetti della vita quotidiana
02IST020,Bambini di 0-2 anni iscritti al nido,Totale,Emilia-Romagna,regione,2012,29.8,FALSE,Valori percentuali,Istat - Indagine multiscopo sugli aspetti della vita quotidiana
02IST020,Bambini di 0-2 anni iscritti al nido,Totale,Emilia-Romagna,regione,2013,29.1,FALSE,Valori percentuali,Istat - Indagine multiscopo sugli aspetti della vita quotidiana
02IST020,Bambini di 0-2 anni iscritti al nido,Totale,Emilia-Romagna,regione,2014,27.5,FALSE,Valori percentuali,Istat - Indagine multiscopo sugli aspetti della vita quotidiana
02IST020,Bambini di 0-2 anni iscritti al nido,Totale,Emilia-Romagna,regione,2015,25.5,FALSE,Valori percentuali,Istat - Indagine multiscopo sugli aspetti della vita quotidiana
02IST020,Bambini di 0-2 anni iscritti al nido,Totale,Emilia-Romagna,regione,2016,30,FALSE,Valori percentuali,Istat - Indagine multiscopo sugli aspetti della vita quotidiana
02IST020,Bambini di 0-2 anni iscritti al nido,Totale,Emilia-Romagna,regione,2017,31.8,FALSE,Valori percentuali,Istat - Indagine multiscopo sugli aspetti della vita quotidiana
02IST020,Bambini di 0-2 anni iscritti al nido,Totale,Emilia-Romagna,regione,2018,35.2,FALSE,Valori percentuali,Istat - Indagine multiscopo sugli aspetti della vita quotidiana
02IST020,Bambini di 0-2 anni iscritti al nido,Totale,Emilia-Romagna,regione,2019,33.2,FALSE,Valori percentuali,Istat - Indagine multiscopo sugli aspetti della vita quotidiana
02IST020,Bambini di 0-2 anni iscritti al nido,Totale,Emilia-Romagna,regione,2020,31.5,FALSE,Valori percentuali,Istat - Indagine multiscopo sugli aspetti della vita quotidiana
02IST020,Bambini di 0-2 anni iscritti al nido,Totale,Emilia-Romagna,regione,2021,37.6,FALSE,Valori percentuali,Istat - Indagine multiscopo sugli aspetti della vita quotidiana
02IST020,Bambini di 0-2 anni iscritti al nido,Totale,Emilia-Romagna,regione,2022,42.5,FALSE,Valori percentuali,Istat - Indagine multiscopo sugli aspetti della vita quotidiana
02IST020,Bambini di 0-2 anni iscritti al nido,Totale,Emilia-Romagna,regione,2023,49.7,FALSE,Valori percentuali,Istat - Indagine multiscopo sugli aspetti della vita quotidiana
02IST020,Bambini di 0-2 anni iscritti al nido,Totale,Emilia-Romagna,regione,2024,48,FALSE,Valori percentuali,Istat - Indagine multiscopo sugli aspetti della vita quotidiana
02IST020,Bambini di 0-2 anni iscritti al nido,Totale,Italia,italia,2006,15.4,FALSE,Valori percentuali,Istat - Indagine multiscopo sugli aspetti della vita quotidiana
02IST020,Bambini di 0-2 anni iscritti al nido,Totale,Italia,italia,2007,15.9,FALSE,Valori percentuali,Istat - Indagine multiscopo sugli aspetti della vita quotidiana
02IST020,Bambini di 0-2 anni iscritti al nido,Totale,Italia,italia,2008,15.7,FALSE,Valori percentuali,Istat - Indagine multiscopo sugli aspetti della vita quotidiana
02IST020,Bambini di 0-2 anni iscritti al nido,Totale,Italia,italia,2009,15.4,FALSE,Valori percentuali,Istat - Indagine multiscopo sugli aspetti della vita quotidiana
02IST020,Bambini di 0-2 anni iscritti al nido,Totale,Italia,italia,2010,16.5,FALSE,Valori percentuali,Istat - Indagine multiscopo sugli aspetti della vita quotidiana
02IST020,Bambini di 0-2 anni iscritti al nido,Totale,Italia,italia,2011,17.2,FALSE,Valori percentuali,Istat - Indagine multiscopo sugli aspetti della vita quotidiana
02IST020,Bambini di 0-2 anni iscritti al nido,Totale,Italia,italia,2012,17.7,FALSE,Valori percentuali,Istat - Indagine multiscopo sugli aspetti della vita quotidiana
02IST020,Bambini di 0-2 anni iscritti al nido,Totale,Italia,italia,2013,18.3,FALSE,Valori percentuali,Istat - Indagine multiscopo sugli aspetti della vita quotidiana
02IST020,Bambini di 0-2 anni iscritti al nido,Totale,Italia,italia,2014,19.6,FALSE,Valori percentuali,Istat - Indagine multiscopo sugli aspetti della vita quotidiana
02IST020,Bambini di 0-2 anni iscritti al nido,Totale,Italia,italia,2015,20.8,FALSE,Valori percentuali,Istat - Indagine multiscopo sugli aspetti della vita quotidiana
02IST020,Bambini di 0-2 anni iscritti al nido,Totale,Italia,italia,2016,21.8,FALSE,Valori percentuali,Istat - Indagine multiscopo sugli aspetti della vita quotidiana
02IST020,Bambini di 0-2 anni iscritti al nido,Totale,Italia,italia,2017,23.9,FALSE,Valori percentuali,Istat - Indagine multiscopo sugli aspetti della vita quotidiana
02IST020,Bambini di 0-2 anni iscritti al nido,Totale,Italia,italia,2018,26.3,FALSE,Valori percentuali,Istat - Indagine multiscopo sugli aspetti della vita quotidiana
02IST020,Bambini di 0-2 anni iscritti al nido,Totale,Italia,italia,2019,28,FALSE,Valori percentuali,Istat - Indagine multiscopo sugli aspetti della vita quotidiana
02IST020,Bambini di 0-2 anni iscritti al nido,Totale,Italia,italia,2020,28,FALSE,Valori percentuali,Istat - Indagine multiscopo sugli aspetti della vita quotidiana
02IST020,Bambini di 0-2 anni iscritti al nido,Totale,Italia,italia,2021,29.5,FALSE,Valori percentuali,Istat - Indagine multiscopo sugli aspetti della vita quotidiana
02IST020,Bambini di 0-2 anni iscritti al nido,Totale,Italia,italia,2022,31.7,FALSE,Valori percentuali,Istat - Indagine multiscopo sugli aspetti della vita quotidiana
02IST020,Bambini di 0-2 anni iscritti al nido,Totale,Italia,italia,2023,35.2,FALSE,Valori percentuali,Istat - Indagine multiscopo sugli aspetti della vita quotidiana
02IST020,Bambini di 0-2 anni iscritti al nido,Totale,Italia,italia,2024,37.4,FALSE,Valori percentuali,Istat - Indagine multiscopo sugli aspetti della vita quotidiana
02IST020,Bambini di 0-2 anni iscritti al nido,Totale,Nord-est,ripartizione,2006,18.1,FALSE,Valori percentuali,Istat - Indagine multiscopo sugli aspetti della vita quotidiana
02IST020,Bambini di 0-2 anni iscritti al nido,Totale,Nord-est,ripartizione,2007,19.1,FALSE,Valori percentuali,Istat - Indagine multiscopo sugli aspetti della vita quotidiana
02IST020,Bambini di 0-2 anni iscritti al nido,Totale,Nord-est,ripartizione,2008,18.7,FALSE,Valori percentuali,Istat - Indagine multiscopo sugli aspetti della vita quotidiana
02IST020,Bambini di 0-2 anni iscritti al nido,Totale,Nord-est,ripartizione,2009,19.4,FALSE,Valori percentuali,Istat - Indagine multiscopo sugli aspetti della vita quotidiana
02IST020,Bambini di 0-2 anni iscritti al nido,Totale,Nord-est,ripartizione,2010,21.8,FALSE,Valori percentuali,Istat - Indagine multiscopo sugli aspetti della vita quotidiana
02IST020,Bambini di 0-2 anni iscritti al nido,Totale,Nord-est,ripartizione,2011,23.4,FALSE,Valori percentuali,Istat - Indagine multiscopo sugli aspetti della vita quotidiana
02IST020,Bambini di 0-2 anni iscritti al nido,Totale,Nord-est,ripartizione,2012,24.1,FALSE,Valori percentuali,Istat - Indagine multiscopo sugli aspetti della vita quotidiana
02IST020,Bambini di 0-2 anni iscritti al nido,Totale,Nord-est,ripartizione,2013,24.1,FALSE,Valori percentuali,Istat - Indagine multiscopo sugli aspetti della vita quotidiana
02IST020,Bambini di 0-2 anni iscritti al nido,Totale,Nord-est,ripartizione,2014,24.7,FALSE,Valori percentuali,Istat - Indagine multiscopo sugli aspetti della vita quotidiana
02IST020,Bambini di 0-2 anni iscritti al nido,Totale,Nord-est,ripartizione,2015,24.3,FALSE,Valori percentuali,Istat - Indagine multiscopo sugli aspetti della vita quotidiana
02IST020,Bambini di 0-2 anni iscritti al nido,Totale,Nord-est,ripartizione,2016,25.4,FALSE,Valori percentuali,Istat - Indagine multiscopo sugli aspetti della vita quotidiana
02IST020,Bambini di 0-2 anni iscritti al nido,Totale,Nord-est,ripartizione,2017,27.4,FALSE,Valori percentuali,Istat - Indagine multiscopo sugli aspetti della vita quotidiana
02IST020,Bambini di 0-2 anni iscritti al nido,Totale,Nord-est,ripartizione,2018,31.9,FALSE,Valori percentuali,Istat - Indagine multiscopo sugli aspetti della vita quotidiana
02IST020,Bambini di 0-2 anni iscritti al nido,Totale,Nord-est,ripartizione,2019,31.9,FALSE,Valori percentuali,Istat - Indagine multiscopo sugli aspetti della vita quotidiana
02IST020,Bambini di 0-2 anni iscritti al nido,Totale,Nord-est,ripartizione,2020,32.5,FALSE,Valori percentuali,Istat - Indagine multiscopo sugli aspetti della vita quotidiana
02IST020,Bambini di 0-2 anni iscritti al nido,Totale,Nord-est,ripartizione,2021,35.2,FALSE,Valori percentuali,Istat - Indagine multiscopo sugli aspetti della vita quotidiana
02IST020,Bambini di 0-2 anni iscritti al nido,Totale,Nord-est,ripartizione,2022,38.3,FALSE,Valori percentuali,Istat - Indagine multiscopo sugli aspetti della vita quotidiana
02IST020,Bambini di 0-2 anni iscritti al nido,Totale,Nord-est,ripartizione,2023,40.6,FALSE,Valori percentuali,Istat - Indagine multiscopo sugli aspetti della vita quotidiana
02IST020,Bambini di 0-2 anni iscritti al nido,Totale,Nord-est,ripartizione,2024,39.1,FALSE,Valori percentuali,Istat - Indagine multiscopo sugli aspetti della vita quotidiana
02IST021,Persone che conseguono un titolo terziario STEM nell'anno,Femmine,Emilia-Romagna,regione,2012,10.8,FALSE,Per 1.000 residenti di 20-29 anni,Istat - Elaborazione su dati Ministero dell'Università e della Ricerca
02IST021,Persone che conseguono un titolo terziario STEM nell'anno,Femmine,Emilia-Romagna,regione,2013,11.4,FALSE,Per 1.000 residenti di 20-29 anni,Istat - Elaborazione su dati Ministero dell'Università e della Ricerca
02IST021,Persone che conseguono un titolo terziario STEM nell'anno,Femmine,Emilia-Romagna,regione,2014,11.7,FALSE,Per 1.000 residenti di 20-29 anni,Istat - Elaborazione su dati Ministero dell'Università e della Ricerca
02IST021,Persone che conseguono un titolo terziario STEM nell'anno,Femmine,Emilia-Romagna,regione,2015,11.8,FALSE,Per 1.000 residenti di 20-29 anni,Istat - Elaborazione su dati Ministero dell'Università e della Ricerca
02IST021,Persone che conseguono un titolo terziario STEM nell'anno,Femmine,Emilia-Romagna,regione,2016,11.7,FALSE,Per 1.000 residenti di 20-29 anni,Istat - Elaborazione su dati Ministero dell'Università e della Ricerca
02IST021,Persone che conseguono un titolo terziario STEM nell'anno,Femmine,Emilia-Romagna,regione,2017,11.7,FALSE,Per 1.000 residenti di 20-29 anni,Istat - Elaborazione su dati Ministero dell'Università e della Ricerca
02IST021,Persone che conseguono un titolo terziario STEM nell'anno,Femmine,Emilia-Romagna,regione,2018,11.5,FALSE,Per 1.000 residenti di 20-29 anni,Istat - Elaborazione su dati Ministero dell'Università e della Ricerca
02IST021,Persone che conseguono un titolo terziario STEM nell'anno,Femmine,Emilia-Romagna,regione,2019,12.4,FALSE,Per 1.000 residenti di 20-29 anni,Istat - Elaborazione su dati Ministero dell'Università e della Ricerca
02IST021,Persone che conseguono un titolo terziario STEM nell'anno,Femmine,Emilia-Romagna,regione,2020,12.5,FALSE,Per 1.000 residenti di 20-29 anni,Istat - Elaborazione su dati Ministero dell'Università e della Ricerca
02IST021,Persone che conseguono un titolo terziario STEM nell'anno,Femmine,Emilia-Romagna,regione,2021,13.6,FALSE,Per 1.000 residenti di 20-29 anni,Istat - Elaborazione su dati Ministero dell'Università e della Ricerca
02IST021,Persone che conseguono un titolo terziario STEM nell'anno,Femmine,Emilia-Romagna,regione,2022,13.9,FALSE,Per 1.000 residenti di 20-29 anni,Istat - Elaborazione su dati Ministero dell'Università e della Ricerca
02IST021,Persone che conseguono un titolo terziario STEM nell'anno,Femmine,Italia,italia,2012,10.7,FALSE,Per 1.000 residenti di 20-29 anni,Istat - Elaborazione su dati Ministero dell'Università e della Ricerca
02IST021,Persone che conseguono un titolo terziario STEM nell'anno,Femmine,Italia,italia,2013,10.9,FALSE,Per 1.000 residenti di 20-29 anni,Istat - Elaborazione su dati Ministero dell'Università e della Ricerca
02IST021,Persone che conseguono un titolo terziario STEM nell'anno,Femmine,Italia,italia,2014,11.4,FALSE,Per 1.000 residenti di 20-29 anni,Istat - Elaborazione su dati Ministero dell'Università e della Ricerca
02IST021,Persone che conseguono un titolo terziario STEM nell'anno,Femmine,Italia,italia,2015,10.9,FALSE,Per 1.000 residenti di 20-29 anni,Istat - Elaborazione su dati Ministero dell'Università e della Ricerca
02IST021,Persone che conseguono un titolo terziario STEM nell'anno,Femmine,Italia,italia,2016,11.1,FALSE,Per 1.000 residenti di 20-29 anni,Istat - Elaborazione su dati Ministero dell'Università e della Ricerca
02IST021,Persone che conseguono un titolo terziario STEM nell'anno,Femmine,Italia,italia,2017,11.7,FALSE,Per 1.000 residenti di 20-29 anni,Istat - Elaborazione su dati Ministero dell'Università e della Ricerca
02IST021,Persone che conseguono un titolo terziario STEM nell'anno,Femmine,Italia,italia,2018,12.1,FALSE,Per 1.000 residenti di 20-29 anni,Istat - Elaborazione su dati Ministero dell'Università e della Ricerca
02IST021,Persone che conseguono un titolo terziario STEM nell'anno,Femmine,Italia,italia,2019,12.9,FALSE,Per 1.000 residenti di 20-29 anni,Istat - Elaborazione su dati Ministero dell'Università e della Ricerca
02IST021,Persone che conseguono un titolo terziario STEM nell'anno,Femmine,Italia,italia,2020,13.2,FALSE,Per 1.000 residenti di 20-29 anni,Istat - Elaborazione su dati Ministero dell'Università e della Ricerca
02IST021,Persone che conseguono un titolo terziario STEM nell'anno,Femmine,Italia,italia,2021,14.3,FALSE,Per 1.000 residenti di 20-29 anni,Istat - Elaborazione su dati Ministero dell'Università e della Ricerca
02IST021,Persone che conseguono un titolo terziario STEM nell'anno,Femmine,Italia,italia,2022,14.2,FALSE,Per 1.000 residenti di 20-29 anni,Istat - Elaborazione su dati Ministero dell'Università e della Ricerca
02IST021,Persone che conseguono un titolo terziario STEM nell'anno,Femmine,Nord-est,ripartizione,2012,9.8,FALSE,Per 1.000 residenti di 20-29 anni,Istat - Elaborazione su dati Ministero dell'Università e della Ricerca
02IST021,Persone che conseguono un titolo terziario STEM nell'anno,Femmine,Nord-est,ripartizione,2013,10.1,FALSE,Per 1.000 residenti di 20-29 anni,Istat - Elaborazione su dati Ministero dell'Università e della Ricerca
02IST021,Persone che conseguono un titolo terziario STEM nell'anno,Femmine,Nord-est,ripartizione,2014,10.3,FALSE,Per 1.000 residenti di 20-29 anni,Istat - Elaborazione su dati Ministero dell'Università e della Ricerca
02IST021,Persone che conseguono un titolo terziario STEM nell'anno,Femmine,Nord-est,ripartizione,2015,9.9,FALSE,Per 1.000 residenti di 20-29 anni,Istat - Elaborazione su dati Ministero dell'Università e della Ricerca
02IST021,Persone che conseguono un titolo terziario STEM nell'anno,Femmine,Nord-est,ripartizione,2016,10.1,FALSE,Per 1.000 residenti di 20-29 anni,Istat - Elaborazione su dati Ministero dell'Università e della Ricerca
02IST021,Persone che conseguono un titolo terziario STEM nell'anno,Femmine,Nord-est,ripartizione,2017,10.2,FALSE,Per 1.000 residenti di 20-29 anni,Istat - Elaborazione su dati Ministero dell'Università e della Ricerca
02IST021,Persone che conseguono un titolo terziario STEM nell'anno,Femmine,Nord-est,ripartizione,2018,10.2,FALSE,Per 1.000 residenti di 20-29 anni,Istat - Elaborazione su dati Ministero dell'Università e della Ricerca
02IST021,Persone che conseguono un titolo terziario STEM nell'anno,Femmine,Nord-est,ripartizione,2019,10.7,FALSE,Per 1.000 residenti di 20-29 anni,Istat - Elaborazione su dati Ministero dell'Università e della Ricerca
02IST021,Persone che conseguono un titolo terziario STEM nell'anno,Femmine,Nord-est,ripartizione,2020,11.1,FALSE,Per 1.000 residenti di 20-29 anni,Istat - Elaborazione su dati Ministero dell'Università e della Ricerca
02IST021,Persone che conseguono un titolo terziario STEM nell'anno,Femmine,Nord-est,ripartizione,2021,11.8,FALSE,Per 1.000 residenti di 20-29 anni,Istat - Elaborazione su dati Ministero dell'Università e della Ricerca
02IST021,Persone che conseguono un titolo terziario STEM nell'anno,Femmine,Nord-est,ripartizione,2022,12.2,FALSE,Per 1.000 residenti di 20-29 anni,Istat - Elaborazione su dati Ministero dell'Università e della Ricerca
02IST021,Persone che conseguono un titolo terziario STEM nell'anno,Maschi,Emilia-Romagna,regione,2012,17.1,FALSE,Per 1.000 residenti di 20-29 anni,Istat - Elaborazione su dati Ministero dell'Università e della Ricerca
02IST021,Persone che conseguono un titolo terziario STEM nell'anno,Maschi,Emilia-Romagna,regione,2013,18.1,FALSE,Per 1.000 residenti di 20-29 anni,Istat - Elaborazione su dati Ministero dell'Università e della Ricerca
02IST021,Persone che conseguono un titolo terziario STEM nell'anno,Maschi,Emilia-Romagna,regione,2014,18.2,FALSE,Per 1.000 residenti di 20-29 anni,Istat - Elaborazione su dati Ministero dell'Università e della Ricerca
02IST021,Persone che conseguono un titolo terziario STEM nell'anno,Maschi,Emilia-Romagna,regione,2015,17.7,FALSE,Per 1.000 residenti di 20-29 anni,Istat - Elaborazione su dati Ministero dell'Università e della Ricerca
02IST021,Persone che conseguono un titolo terziario STEM nell'anno,Maschi,Emilia-Romagna,regione,2016,19.7,FALSE,Per 1.000 residenti di 20-29 anni,Istat - Elaborazione su dati Ministero dell'Università e della Ricerca
02IST021,Persone che conseguono un titolo terziario STEM nell'anno,Maschi,Emilia-Romagna,regione,2017,19.4,FALSE,Per 1.000 residenti di 20-29 anni,Istat - Elaborazione su dati Ministero dell'Università e della Ricerca
02IST021,Persone che conseguono un titolo terziario STEM nell'anno,Maschi,Emilia-Romagna,regione,2018,19.1,FALSE,Per 1.000 residenti di 20-29 anni,Istat - Elaborazione su dati Ministero dell'Università e della Ricerca
02IST021,Persone che conseguono un titolo terziario STEM nell'anno,Maschi,Emilia-Romagna,regione,2019,20.9,FALSE,Per 1.000 residenti di 20-29 anni,Istat - Elaborazione su dati Ministero dell'Università e della Ricerca
02IST021,Persone che conseguono un titolo terziario STEM nell'anno,Maschi,Emilia-Romagna,regione,2020,20.2,FALSE,Per 1.000 residenti di 20-29 anni,Istat - Elaborazione su dati Ministero dell'Università e della Ricerca
02IST021,Persone che conseguono un titolo terziario STEM nell'anno,Maschi,Emilia-Romagna,regione,2021,21.7,FALSE,Per 1.000 residenti di 20-29 anni,Istat - Elaborazione su dati Ministero dell'Università e della Ricerca
02IST021,Persone che conseguono un titolo terziario STEM nell'anno,Maschi,Emilia-Romagna,regione,2022,21.2,FALSE,Per 1.000 residenti di 20-29 anni,Istat - Elaborazione su dati Ministero dell'Università e della Ricerca
02IST021,Persone che conseguono un titolo terziario STEM nell'anno,Maschi,Italia,italia,2012,15.3,FALSE,Per 1.000 residenti di 20-29 anni,Istat - Elaborazione su dati Ministero dell'Università e della Ricerca
02IST021,Persone che conseguono un titolo terziario STEM nell'anno,Maschi,Italia,italia,2013,15.6,FALSE,Per 1.000 residenti di 20-29 anni,Istat - Elaborazione su dati Ministero dell'Università e della Ricerca
02IST021,Persone che conseguono un titolo terziario STEM nell'anno,Maschi,Italia,italia,2014,16.3,FALSE,Per 1.000 residenti di 20-29 anni,Istat - Elaborazione su dati Ministero dell'Università e della Ricerca
02IST021,Persone che conseguono un titolo terziario STEM nell'anno,Maschi,Italia,italia,2015,15.4,FALSE,Per 1.000 residenti di 20-29 anni,Istat - Elaborazione su dati Ministero dell'Università e della Ricerca
02IST021,Persone che conseguono un titolo terziario STEM nell'anno,Maschi,Italia,italia,2016,16.4,FALSE,Per 1.000 residenti di 20-29 anni,Istat - Elaborazione su dati Ministero dell'Università e della Ricerca
02IST021,Persone che conseguono un titolo terziario STEM nell'anno,Maschi,Italia,italia,2017,17.1,FALSE,Per 1.000 residenti di 20-29 anni,Istat - Elaborazione su dati Ministero dell'Università e della Ricerca
02IST021,Persone che conseguono un titolo terziario STEM nell'anno,Maschi,Italia,italia,2018,18,FALSE,Per 1.000 residenti di 20-29 anni,Istat - Elaborazione su dati Ministero dell'Università e della Ricerca
02IST021,Persone che conseguono un titolo terziario STEM nell'anno,Maschi,Italia,italia,2019,19.2,FALSE,Per 1.000 residenti di 20-29 anni,Istat - Elaborazione su dati Ministero dell'Università e della Ricerca
02IST021,Persone che conseguono un titolo terziario STEM nell'anno,Maschi,Italia,italia,2020,19.6,FALSE,Per 1.000 residenti di 20-29 anni,Istat - Elaborazione su dati Ministero dell'Università e della Ricerca
02IST021,Persone che conseguono un titolo terziario STEM nell'anno,Maschi,Italia,italia,2021,21,FALSE,Per 1.000 residenti di 20-29 anni,Istat - Elaborazione su dati Ministero dell'Università e della Ricerca
02IST021,Persone che conseguono un titolo terziario STEM nell'anno,Maschi,Italia,italia,2022,21,FALSE,Per 1.000 residenti di 20-29 anni,Istat - Elaborazione su dati Ministero dell'Università e della Ricerca
02IST021,Persone che conseguono un titolo terziario STEM nell'anno,Maschi,Nord-est,ripartizione,2012,17.3,FALSE,Per 1.000 residenti di 20-29 anni,Istat - Elaborazione su dati Ministero dell'Università e della Ricerca
02IST021,Persone che conseguono un titolo terziario STEM nell'anno,Maschi,Nord-est,ripartizione,2013,17.8,FALSE,Per 1.000 residenti di 20-29 anni,Istat - Elaborazione su dati Ministero dell'Università e della Ricerca
02IST021,Persone che conseguono un titolo terziario STEM nell'anno,Maschi,Nord-est,ripartizione,2014,17.7,FALSE,Per 1.000 residenti di 20-29 anni,Istat - Elaborazione su dati Ministero dell'Università e della Ricerca
02IST021,Persone che conseguono un titolo terziario STEM nell'anno,Maschi,Nord-est,ripartizione,2015,17.3,FALSE,Per 1.000 residenti di 20-29 anni,Istat - Elaborazione su dati Ministero dell'Università e della Ricerca
02IST021,Persone che conseguono un titolo terziario STEM nell'anno,Maschi,Nord-est,ripartizione,2016,19.1,FALSE,Per 1.000 residenti di 20-29 anni,Istat - Elaborazione su dati Ministero dell'Università e della Ricerca
02IST021,Persone che conseguono un titolo terziario STEM nell'anno,Maschi,Nord-est,ripartizione,2017,18.7,FALSE,Per 1.000 residenti di 20-29 anni,Istat - Elaborazione su dati Ministero dell'Università e della Ricerca
02IST021,Persone che conseguono un titolo terziario STEM nell'anno,Maschi,Nord-est,ripartizione,2018,19.1,FALSE,Per 1.000 residenti di 20-29 anni,Istat - Elaborazione su dati Ministero dell'Università e della Ricerca
02IST021,Persone che conseguono un titolo terziario STEM nell'anno,Maschi,Nord-est,ripartizione,2019,20.1,FALSE,Per 1.000 residenti di 20-29 anni,Istat - Elaborazione su dati Ministero dell'Università e della Ricerca
02IST021,Persone che conseguono un titolo terziario STEM nell'anno,Maschi,Nord-est,ripartizione,2020,20.4,FALSE,Per 1.000 residenti di 20-29 anni,Istat - Elaborazione su dati Ministero dell'Università e della Ricerca
02IST021,Persone che conseguono un titolo terziario STEM nell'anno,Maschi,Nord-est,ripartizione,2021,21.2,FALSE,Per 1.000 residenti di 20-29 anni,Istat - Elaborazione su dati Ministero dell'Università e della Ricerca
02IST021,Persone che conseguono un titolo terziario STEM nell'anno,Maschi,Nord-est,ripartizione,2022,20.8,FALSE,Per 1.000 residenti di 20-29 anni,Istat - Elaborazione su dati Ministero dell'Università e della Ricerca
02IST021,Persone che conseguono un titolo terziario STEM nell'anno,Totale,Emilia-Romagna,regione,2012,14,FALSE,Per 1.000 residenti di 20-29 anni,Istat - Elaborazione su dati Ministero dell'Università e della Ricerca
02IST021,Persone che conseguono un titolo terziario STEM nell'anno,Totale,Emilia-Romagna,regione,2013,14.7,FALSE,Per 1.000 residenti di 20-29 anni,Istat - Elaborazione su dati Ministero dell'Università e della Ricerca
02IST021,Persone che conseguono un titolo terziario STEM nell'anno,Totale,Emilia-Romagna,regione,2014,15,FALSE,Per 1.000 residenti di 20-29 anni,Istat - Elaborazione su dati Ministero dell'Università e della Ricerca
02IST021,Persone che conseguono un titolo terziario STEM nell'anno,Totale,Emilia-Romagna,regione,2015,14.8,FALSE,Per 1.000 residenti di 20-29 anni,Istat - Elaborazione su dati Ministero dell'Università e della Ricerca
02IST021,Persone che conseguono un titolo terziario STEM nell'anno,Totale,Emilia-Romagna,regione,2016,15.8,FALSE,Per 1.000 residenti di 20-29 anni,Istat - Elaborazione su dati Ministero dell'Università e della Ricerca
02IST021,Persone che conseguono un titolo terziario STEM nell'anno,Totale,Emilia-Romagna,regione,2017,15.6,FALSE,Per 1.000 residenti di 20-29 anni,Istat - Elaborazione su dati Ministero dell'Università e della Ricerca
02IST021,Persone che conseguono un titolo terziario STEM nell'anno,Totale,Emilia-Romagna,regione,2018,15.4,FALSE,Per 1.000 residenti di 20-29 anni,Istat - Elaborazione su dati Ministero dell'Università e della Ricerca
02IST021,Persone che conseguono un titolo terziario STEM nell'anno,Totale,Emilia-Romagna,regione,2019,16.8,FALSE,Per 1.000 residenti di 20-29 anni,Istat - Elaborazione su dati Ministero dell'Università e della Ricerca
02IST021,Persone che conseguono un titolo terziario STEM nell'anno,Totale,Emilia-Romagna,regione,2020,16.5,FALSE,Per 1.000 residenti di 20-29 anni,Istat - Elaborazione su dati Ministero dell'Università e della Ricerca
02IST021,Persone che conseguono un titolo terziario STEM nell'anno,Totale,Emilia-Romagna,regione,2021,17.8,FALSE,Per 1.000 residenti di 20-29 anni,Istat - Elaborazione su dati Ministero dell'Università e della Ricerca
02IST021,Persone che conseguono un titolo terziario STEM nell'anno,Totale,Emilia-Romagna,regione,2022,17.7,FALSE,Per 1.000 residenti di 20-29 anni,Istat - Elaborazione su dati Ministero dell'Università e della Ricerca
02IST021,Persone che conseguono un titolo terziario STEM nell'anno,Totale,Italia,italia,2012,13,FALSE,Per 1.000 residenti di 20-29 anni,Istat - Elaborazione su dati Ministero dell'Università e della Ricerca
02IST021,Persone che conseguono un titolo terziario STEM nell'anno,Totale,Italia,italia,2013,13.3,FALSE,Per 1.000 residenti di 20-29 anni,Istat - Elaborazione su dati Ministero dell'Università e della Ricerca
02IST021,Persone che conseguono un titolo terziario STEM nell'anno,Totale,Italia,italia,2014,13.9,FALSE,Per 1.000 residenti di 20-29 anni,Istat - Elaborazione su dati Ministero dell'Università e della Ricerca
02IST021,Persone che conseguono un titolo terziario STEM nell'anno,Totale,Italia,italia,2015,13.2,FALSE,Per 1.000 residenti di 20-29 anni,Istat - Elaborazione su dati Ministero dell'Università e della Ricerca
02IST021,Persone che conseguono un titolo terziario STEM nell'anno,Totale,Italia,italia,2016,13.8,FALSE,Per 1.000 residenti di 20-29 anni,Istat - Elaborazione su dati Ministero dell'Università e della Ricerca
02IST021,Persone che conseguono un titolo terziario STEM nell'anno,Totale,Italia,italia,2017,14.5,FALSE,Per 1.000 residenti di 20-29 anni,Istat - Elaborazione su dati Ministero dell'Università e della Ricerca
02IST021,Persone che conseguono un titolo terziario STEM nell'anno,Totale,Italia,italia,2018,15.1,FALSE,Per 1.000 residenti di 20-29 anni,Istat - Elaborazione su dati Ministero dell'Università e della Ricerca
02IST021,Persone che conseguono un titolo terziario STEM nell'anno,Totale,Italia,italia,2019,16.1,FALSE,Per 1.000 residenti di 20-29 anni,Istat - Elaborazione su dati Ministero dell'Università e della Ricerca
02IST021,Persone che conseguono un titolo terziario STEM nell'anno,Totale,Italia,italia,2020,16.5,FALSE,Per 1.000 residenti di 20-29 anni,Istat - Elaborazione su dati Ministero dell'Università e della Ricerca
02IST021,Persone che conseguono un titolo terziario STEM nell'anno,Totale,Italia,italia,2021,17.8,FALSE,Per 1.000 residenti di 20-29 anni,Istat - Elaborazione su dati Ministero dell'Università e della Ricerca
02IST021,Persone che conseguono un titolo terziario STEM nell'anno,Totale,Italia,italia,2022,17.7,FALSE,Per 1.000 residenti di 20-29 anni,Istat - Elaborazione su dati Ministero dell'Università e della Ricerca
02IST021,Persone che conseguono un titolo terziario STEM nell'anno,Totale,Nord-est,ripartizione,2012,13.5,FALSE,Per 1.000 residenti di 20-29 anni,Istat - Elaborazione su dati Ministero dell'Università e della Ricerca
02IST021,Persone che conseguono un titolo terziario STEM nell'anno,Totale,Nord-est,ripartizione,2013,14,FALSE,Per 1.000 residenti di 20-29 anni,Istat - Elaborazione su dati Ministero dell'Università e della Ricerca
02IST021,Persone che conseguono un titolo terziario STEM nell'anno,Totale,Nord-est,ripartizione,2014,14,FALSE,Per 1.000 residenti di 20-29 anni,Istat - Elaborazione su dati Ministero dell'Università e della Ricerca
02IST021,Persone che conseguono un titolo terziario STEM nell'anno,Totale,Nord-est,ripartizione,2015,13.6,FALSE,Per 1.000 residenti di 20-29 anni,Istat - Elaborazione su dati Ministero dell'Università e della Ricerca
02IST021,Persone che conseguono un titolo terziario STEM nell'anno,Totale,Nord-est,ripartizione,2016,14.7,FALSE,Per 1.000 residenti di 20-29 anni,Istat - Elaborazione su dati Ministero dell'Università e della Ricerca
02IST021,Persone che conseguono un titolo terziario STEM nell'anno,Totale,Nord-est,ripartizione,2017,14.6,FALSE,Per 1.000 residenti di 20-29 anni,Istat - Elaborazione su dati Ministero dell'Università e della Ricerca
02IST021,Persone che conseguono un titolo terziario STEM nell'anno,Totale,Nord-est,ripartizione,2018,14.8,FALSE,Per 1.000 residenti di 20-29 anni,Istat - Elaborazione su dati Ministero dell'Università e della Ricerca
02IST021,Persone che conseguono un titolo terziario STEM nell'anno,Totale,Nord-est,ripartizione,2019,15.6,FALSE,Per 1.000 residenti di 20-29 anni,Istat - Elaborazione su dati Ministero dell'Università e della Ricerca
02IST021,Persone che conseguono un titolo terziario STEM nell'anno,Totale,Nord-est,ripartizione,2020,15.9,FALSE,Per 1.000 residenti di 20-29 anni,Istat - Elaborazione su dati Ministero dell'Università e della Ricerca
02IST021,Persone che conseguono un titolo terziario STEM nell'anno,Totale,Nord-est,ripartizione,2021,16.7,FALSE,Per 1.000 residenti di 20-29 anni,Istat - Elaborazione su dati Ministero dell'Università e della Ricerca
02IST021,Persone che conseguono un titolo terziario STEM nell'anno,Totale,Nord-est,ripartizione,2022,16.7,FALSE,Per 1.000 residenti di 20-29 anni,Istat - Elaborazione su dati Ministero dell'Università e della Ricerca
02IST022,Partecipazione culturale fuori casa,Femmine,Emilia-Romagna,regione,2005,34.2,FALSE,Valori percentuali,Istat - Indagine multiscopo sugli aspetti della vita quotidiana
02IST022,Partecipazione culturale fuori casa,Femmine,Emilia-Romagna,regione,2006,38.7,FALSE,Valori percentuali,Istat - Indagine multiscopo sugli aspetti della vita quotidiana
02IST022,Partecipazione culturale fuori casa,Femmine,Emilia-Romagna,regione,2007,38.9,FALSE,Valori percentuali,Istat - Indagine multiscopo sugli aspetti della vita quotidiana
02IST022,Partecipazione culturale fuori casa,Femmine,Emilia-Romagna,regione,2008,37.4,FALSE,Valori percentuali,Istat - Indagine multiscopo sugli aspetti della vita quotidiana
02IST022,Partecipazione culturale fuori casa,Femmine,Emilia-Romagna,regione,2009,37.9,FALSE,Valori percentuali,Istat - Indagine multiscopo sugli aspetti della vita quotidiana
02IST022,Partecipazione culturale fuori casa,Femmine,Emilia-Romagna,regione,2010,38.5,FALSE,Valori percentuali,Istat - Indagine multiscopo sugli aspetti della vita quotidiana
02IST022,Partecipazione culturale fuori casa,Femmine,Emilia-Romagna,regione,2011,38.7,FALSE,Valori percentuali,Istat - Indagine multiscopo sugli aspetti della vita quotidiana
02IST022,Partecipazione culturale fuori casa,Femmine,Emilia-Romagna,regione,2012,36.2,FALSE,Valori percentuali,Istat - Indagine multiscopo sugli aspetti della vita quotidiana
02IST022,Partecipazione culturale fuori casa,Femmine,Emilia-Romagna,regione,2013,33.9,FALSE,Valori percentuali,Istat - Indagine multiscopo sugli aspetti della vita quotidiana
02IST022,Partecipazione culturale fuori casa,Femmine,Emilia-Romagna,regione,2014,35.5,FALSE,Valori percentuali,Istat - Indagine multiscopo sugli aspetti della vita quotidiana
02IST022,Partecipazione culturale fuori casa,Femmine,Emilia-Romagna,regione,2015,37.7,FALSE,Valori percentuali,Istat - Indagine multiscopo sugli aspetti della vita quotidiana
02IST022,Partecipazione culturale fuori casa,Femmine,Emilia-Romagna,regione,2016,39.9,FALSE,Valori percentuali,Istat - Indagine multiscopo sugli aspetti della vita quotidiana
02IST022,Partecipazione culturale fuori casa,Femmine,Emilia-Romagna,regione,2017,41.1,FALSE,Valori percentuali,Istat - Indagine multiscopo sugli aspetti della vita quotidiana
02IST022,Partecipazione culturale fuori casa,Femmine,Emilia-Romagna,regione,2018,40.6,FALSE,Valori percentuali,Istat - Indagine multiscopo sugli aspetti della vita quotidiana
02IST022,Partecipazione culturale fuori casa,Femmine,Emilia-Romagna,regione,2019,41,FALSE,Valori percentuali,Istat - Indagine multiscopo sugli aspetti della vita quotidiana
02IST022,Partecipazione culturale fuori casa,Femmine,Emilia-Romagna,regione,2020,35.1,FALSE,Valori percentuali,Istat - Indagine multiscopo sugli aspetti della vita quotidiana
02IST022,Partecipazione culturale fuori casa,Femmine,Emilia-Romagna,regione,2021,9.4,FALSE,Valori percentuali,Istat - Indagine multiscopo sugli aspetti della vita quotidiana
02IST022,Partecipazione culturale fuori casa,Femmine,Emilia-Romagna,regione,2022,24.9,FALSE,Valori percentuali,Istat - Indagine multiscopo sugli aspetti della vita quotidiana
02IST022,Partecipazione culturale fuori casa,Femmine,Emilia-Romagna,regione,2023,39.8,FALSE,Valori percentuali,Istat - Indagine multiscopo sugli aspetti della vita quotidiana
02IST022,Partecipazione culturale fuori casa,Femmine,Emilia-Romagna,regione,2024,41.4,FALSE,Valori percentuali,Istat - Indagine multiscopo sugli aspetti della vita quotidiana
02IST022,Partecipazione culturale fuori casa,Femmine,Emilia-Romagna,regione,2025,45.6,FALSE,Valori percentuali,Istat - Indagine multiscopo sugli aspetti della vita quotidiana
02IST022,Partecipazione culturale fuori casa,Femmine,Italia,italia,2005,33,FALSE,Valori percentuali,Istat - Indagine multiscopo sugli aspetti della vita quotidiana
02IST022,Partecipazione culturale fuori casa,Femmine,Italia,italia,2006,32.6,FALSE,Valori percentuali,Istat - Indagine multiscopo sugli aspetti della vita quotidiana
02IST022,Partecipazione culturale fuori casa,Femmine,Italia,italia,2007,32.7,FALSE,Valori percentuali,Istat - Indagine multiscopo sugli aspetti della vita quotidiana
02IST022,Partecipazione culturale fuori casa,Femmine,Italia,italia,2008,33.2,FALSE,Valori percentuali,Istat - Indagine multiscopo sugli aspetti della vita quotidiana
02IST022,Partecipazione culturale fuori casa,Femmine,Italia,italia,2009,34.2,FALSE,Valori percentuali,Istat - Indagine multiscopo sugli aspetti della vita quotidiana
02IST022,Partecipazione culturale fuori casa,Femmine,Italia,italia,2010,35.8,FALSE,Valori percentuali,Istat - Indagine multiscopo sugli aspetti della vita quotidiana
02IST022,Partecipazione culturale fuori casa,Femmine,Italia,italia,2011,35.3,FALSE,Valori percentuali,Istat - Indagine multiscopo sugli aspetti della vita quotidiana
02IST022,Partecipazione culturale fuori casa,Femmine,Italia,italia,2012,32.2,FALSE,Valori percentuali,Istat - Indagine multiscopo sugli aspetti della vita quotidiana
02IST022,Partecipazione culturale fuori casa,Femmine,Italia,italia,2013,30.2,FALSE,Valori percentuali,Istat - Indagine multiscopo sugli aspetti della vita quotidiana
02IST022,Partecipazione culturale fuori casa,Femmine,Italia,italia,2014,31.2,FALSE,Valori percentuali,Istat - Indagine multiscopo sugli aspetti della vita quotidiana
02IST022,Partecipazione culturale fuori casa,Femmine,Italia,italia,2015,33.5,FALSE,Valori percentuali,Istat - Indagine multiscopo sugli aspetti della vita quotidiana
02IST022,Partecipazione culturale fuori casa,Femmine,Italia,italia,2016,34.7,FALSE,Valori percentuali,Istat - Indagine multiscopo sugli aspetti della vita quotidiana
02IST022,Partecipazione culturale fuori casa,Femmine,Italia,italia,2017,34,FALSE,Valori percentuali,Istat - Indagine multiscopo sugli aspetti della vita quotidiana
02IST022,Partecipazione culturale fuori casa,Femmine,Italia,italia,2018,35.3,FALSE,Valori percentuali,Istat - Indagine multiscopo sugli aspetti della vita quotidiana
02IST022,Partecipazione culturale fuori casa,Femmine,Italia,italia,2019,35.8,FALSE,Valori percentuali,Istat - Indagine multiscopo sugli aspetti della vita quotidiana
02IST022,Partecipazione culturale fuori casa,Femmine,Italia,italia,2020,30.6,FALSE,Valori percentuali,Istat - Indagine multiscopo sugli aspetti della vita quotidiana
02IST022,Partecipazione culturale fuori casa,Femmine,Italia,italia,2021,8.1,FALSE,Valori percentuali,Istat - Indagine multiscopo sugli aspetti della vita quotidiana
02IST022,Partecipazione culturale fuori casa,Femmine,Italia,italia,2022,23.4,FALSE,Valori percentuali,Istat - Indagine multiscopo sugli aspetti della vita quotidiana
02IST022,Partecipazione culturale fuori casa,Femmine,Italia,italia,2023,36.1,FALSE,Valori percentuali,Istat - Indagine multiscopo sugli aspetti della vita quotidiana
02IST022,Partecipazione culturale fuori casa,Femmine,Italia,italia,2024,38,FALSE,Valori percentuali,Istat - Indagine multiscopo sugli aspetti della vita quotidiana
02IST022,Partecipazione culturale fuori casa,Femmine,Italia,italia,2025,41.1,FALSE,Valori percentuali,Istat - Indagine multiscopo sugli aspetti della vita quotidiana
02IST022,Partecipazione culturale fuori casa,Femmine,Nord-est,ripartizione,2005,36.5,FALSE,Valori percentuali,Istat - Indagine multiscopo sugli aspetti della vita quotidiana
02IST022,Partecipazione culturale fuori casa,Femmine,Nord-est,ripartizione,2006,38.5,FALSE,Valori percentuali,Istat - Indagine multiscopo sugli aspetti della vita quotidiana
02IST022,Partecipazione culturale fuori casa,Femmine,Nord-est,ripartizione,2007,38.1,FALSE,Valori percentuali,Istat - Indagine multiscopo sugli aspetti della vita quotidiana
02IST022,Partecipazione culturale fuori casa,Femmine,Nord-est,ripartizione,2008,38.9,FALSE,Valori percentuali,Istat - Indagine multiscopo sugli aspetti della vita quotidiana
02IST022,Partecipazione culturale fuori casa,Femmine,Nord-est,ripartizione,2009,38.8,FALSE,Valori percentuali,Istat - Indagine multiscopo sugli aspetti della vita quotidiana
02IST022,Partecipazione culturale fuori casa,Femmine,Nord-est,ripartizione,2010,39.3,FALSE,Valori percentuali,Istat - Indagine multiscopo sugli aspetti della vita quotidiana
02IST022,Partecipazione culturale fuori casa,Femmine,Nord-est,ripartizione,2011,40.2,FALSE,Valori percentuali,Istat - Indagine multiscopo sugli aspetti della vita quotidiana
02IST022,Partecipazione culturale fuori casa,Femmine,Nord-est,ripartizione,2012,38,FALSE,Valori percentuali,Istat - Indagine multiscopo sugli aspetti della vita quotidiana
02IST022,Partecipazione culturale fuori casa,Femmine,Nord-est,ripartizione,2013,35.4,FALSE,Valori percentuali,Istat - Indagine multiscopo sugli aspetti della vita quotidiana
02IST022,Partecipazione culturale fuori casa,Femmine,Nord-est,ripartizione,2014,35.6,FALSE,Valori percentuali,Istat - Indagine multiscopo sugli aspetti della vita quotidiana
02IST022,Partecipazione culturale fuori casa,Femmine,Nord-est,ripartizione,2015,38.7,FALSE,Valori percentuali,Istat - Indagine multiscopo sugli aspetti della vita quotidiana
02IST022,Partecipazione culturale fuori casa,Femmine,Nord-est,ripartizione,2016,40.2,FALSE,Valori percentuali,Istat - Indagine multiscopo sugli aspetti della vita quotidiana
02IST022,Partecipazione culturale fuori casa,Femmine,Nord-est,ripartizione,2017,39.4,FALSE,Valori percentuali,Istat - Indagine multiscopo sugli aspetti della vita quotidiana
02IST022,Partecipazione culturale fuori casa,Femmine,Nord-est,ripartizione,2018,40.1,FALSE,Valori percentuali,Istat - Indagine multiscopo sugli aspetti della vita quotidiana
02IST022,Partecipazione culturale fuori casa,Femmine,Nord-est,ripartizione,2019,40.4,FALSE,Valori percentuali,Istat - Indagine multiscopo sugli aspetti della vita quotidiana
02IST022,Partecipazione culturale fuori casa,Femmine,Nord-est,ripartizione,2020,34.1,FALSE,Valori percentuali,Istat - Indagine multiscopo sugli aspetti della vita quotidiana
02IST022,Partecipazione culturale fuori casa,Femmine,Nord-est,ripartizione,2021,9.4,FALSE,Valori percentuali,Istat - Indagine multiscopo sugli aspetti della vita quotidiana
02IST022,Partecipazione culturale fuori casa,Femmine,Nord-est,ripartizione,2022,25.7,FALSE,Valori percentuali,Istat - Indagine multiscopo sugli aspetti della vita quotidiana
02IST022,Partecipazione culturale fuori casa,Femmine,Nord-est,ripartizione,2023,40.1,FALSE,Valori percentuali,Istat - Indagine multiscopo sugli aspetti della vita quotidiana
02IST022,Partecipazione culturale fuori casa,Femmine,Nord-est,ripartizione,2024,40.8,FALSE,Valori percentuali,Istat - Indagine multiscopo sugli aspetti della vita quotidiana
02IST022,Partecipazione culturale fuori casa,Femmine,Nord-est,ripartizione,2025,44.8,FALSE,Valori percentuali,Istat - Indagine multiscopo sugli aspetti della vita quotidiana
02IST022,Partecipazione culturale fuori casa,Maschi,Emilia-Romagna,regione,2005,38.8,FALSE,Valori percentuali,Istat - Indagine multiscopo sugli aspetti della vita quotidiana
02IST022,Partecipazione culturale fuori casa,Maschi,Emilia-Romagna,regione,2006,40.5,FALSE,Valori percentuali,Istat - Indagine multiscopo sugli aspetti della vita quotidiana
02IST022,Partecipazione culturale fuori casa,Maschi,Emilia-Romagna,regione,2007,39.1,FALSE,Valori percentuali,Istat - Indagine multiscopo sugli aspetti della vita quotidiana
02IST022,Partecipazione culturale fuori casa,Maschi,Emilia-Romagna,regione,2008,37.4,FALSE,Valori percentuali,Istat - Indagine multiscopo sugli aspetti della vita quotidiana
02IST022,Partecipazione culturale fuori casa,Maschi,Emilia-Romagna,regione,2009,36.1,FALSE,Valori percentuali,Istat - Indagine multiscopo sugli aspetti della vita quotidiana
02IST022,Partecipazione culturale fuori casa,Maschi,Emilia-Romagna,regione,2010,38.4,FALSE,Valori percentuali,Istat - Indagine multiscopo sugli aspetti della vita quotidiana
02IST022,Partecipazione culturale fuori casa,Maschi,Emilia-Romagna,regione,2011,39.5,FALSE,Valori percentuali,Istat - Indagine multiscopo sugli aspetti della vita quotidiana
02IST022,Partecipazione culturale fuori casa,Maschi,Emilia-Romagna,regione,2012,36.3,FALSE,Valori percentuali,Istat - Indagine multiscopo sugli aspetti della vita quotidiana
02IST022,Partecipazione culturale fuori casa,Maschi,Emilia-Romagna,regione,2013,35.1,FALSE,Valori percentuali,Istat - Indagine multiscopo sugli aspetti della vita quotidiana
02IST022,Partecipazione culturale fuori casa,Maschi,Emilia-Romagna,regione,2014,35.3,FALSE,Valori percentuali,Istat - Indagine multiscopo sugli aspetti della vita quotidiana
02IST022,Partecipazione culturale fuori casa,Maschi,Emilia-Romagna,regione,2015,36.2,FALSE,Valori percentuali,Istat - Indagine multiscopo sugli aspetti della vita quotidiana
02IST022,Partecipazione culturale fuori casa,Maschi,Emilia-Romagna,regione,2016,39.7,FALSE,Valori percentuali,Istat - Indagine multiscopo sugli aspetti della vita quotidiana
02IST022,Partecipazione culturale fuori casa,Maschi,Emilia-Romagna,regione,2017,41.3,FALSE,Valori percentuali,Istat - Indagine multiscopo sugli aspetti della vita quotidiana
02IST022,Partecipazione culturale fuori casa,Maschi,Emilia-Romagna,regione,2018,41.9,FALSE,Valori percentuali,Istat - Indagine multiscopo sugli aspetti della vita quotidiana
02IST022,Partecipazione culturale fuori casa,Maschi,Emilia-Romagna,regione,2019,40.6,FALSE,Valori percentuali,Istat - Indagine multiscopo sugli aspetti della vita quotidiana
02IST022,Partecipazione culturale fuori casa,Maschi,Emilia-Romagna,regione,2020,32.4,FALSE,Valori percentuali,Istat - Indagine multiscopo sugli aspetti della vita quotidiana
02IST022,Partecipazione culturale fuori casa,Maschi,Emilia-Romagna,regione,2021,10.2,FALSE,Valori percentuali,Istat - Indagine multiscopo sugli aspetti della vita quotidiana
02IST022,Partecipazione culturale fuori casa,Maschi,Emilia-Romagna,regione,2022,24.5,FALSE,Valori percentuali,Istat - Indagine multiscopo sugli aspetti della vita quotidiana
02IST022,Partecipazione culturale fuori casa,Maschi,Emilia-Romagna,regione,2023,37.1,FALSE,Valori percentuali,Istat - Indagine multiscopo sugli aspetti della vita quotidiana
02IST022,Partecipazione culturale fuori casa,Maschi,Emilia-Romagna,regione,2024,41.3,FALSE,Valori percentuali,Istat - Indagine multiscopo sugli aspetti della vita quotidiana
02IST022,Partecipazione culturale fuori casa,Maschi,Emilia-Romagna,regione,2025,42.2,FALSE,Valori percentuali,Istat - Indagine multiscopo sugli aspetti della vita quotidiana
02IST022,Partecipazione culturale fuori casa,Maschi,Italia,italia,2005,34.4,FALSE,Valori percentuali,Istat - Indagine multiscopo sugli aspetti della vita quotidiana
02IST022,Partecipazione culturale fuori casa,Maschi,Italia,italia,2006,33.8,FALSE,Valori percentuali,Istat - Indagine multiscopo sugli aspetti della vita quotidiana
02IST022,Partecipazione culturale fuori casa,Maschi,Italia,italia,2007,33.5,FALSE,Valori percentuali,Istat - Indagine multiscopo sugli aspetti della vita quotidiana
02IST022,Partecipazione culturale fuori casa,Maschi,Italia,italia,2008,34.3,FALSE,Valori percentuali,Istat - Indagine multiscopo sugli aspetti della vita quotidiana
02IST022,Partecipazione culturale fuori casa,Maschi,Italia,italia,2009,34.5,FALSE,Valori percentuali,Istat - Indagine multiscopo sugli aspetti della vita quotidiana
02IST022,Partecipazione culturale fuori casa,Maschi,Italia,italia,2010,36.7,FALSE,Valori percentuali,Istat - Indagine multiscopo sugli aspetti della vita quotidiana
02IST022,Partecipazione culturale fuori casa,Maschi,Italia,italia,2011,36.4,FALSE,Valori percentuali,Istat - Indagine multiscopo sugli aspetti della vita quotidiana
02IST022,Partecipazione culturale fuori casa,Maschi,Italia,italia,2012,33,FALSE,Valori percentuali,Istat - Indagine multiscopo sugli aspetti della vita quotidiana
02IST022,Partecipazione culturale fuori casa,Maschi,Italia,italia,2013,31,FALSE,Valori percentuali,Istat - Indagine multiscopo sugli aspetti della vita quotidiana
02IST022,Partecipazione culturale fuori casa,Maschi,Italia,italia,2014,32,FALSE,Valori percentuali,Istat - Indagine multiscopo sugli aspetti della vita quotidiana
02IST022,Partecipazione culturale fuori casa,Maschi,Italia,italia,2015,33.2,FALSE,Valori percentuali,Istat - Indagine multiscopo sugli aspetti della vita quotidiana
02IST022,Partecipazione culturale fuori casa,Maschi,Italia,italia,2016,34.4,FALSE,Valori percentuali,Istat - Indagine multiscopo sugli aspetti della vita quotidiana
02IST022,Partecipazione culturale fuori casa,Maschi,Italia,italia,2017,32.7,FALSE,Valori percentuali,Istat - Indagine multiscopo sugli aspetti della vita quotidiana
02IST022,Partecipazione culturale fuori casa,Maschi,Italia,italia,2018,34.1,FALSE,Valori percentuali,Istat - Indagine multiscopo sugli aspetti della vita quotidiana
02IST022,Partecipazione culturale fuori casa,Maschi,Italia,italia,2019,34.3,FALSE,Valori percentuali,Istat - Indagine multiscopo sugli aspetti della vita quotidiana
02IST022,Partecipazione culturale fuori casa,Maschi,Italia,italia,2020,29,FALSE,Valori percentuali,Istat - Indagine multiscopo sugli aspetti della vita quotidiana
02IST022,Partecipazione culturale fuori casa,Maschi,Italia,italia,2021,8.5,FALSE,Valori percentuali,Istat - Indagine multiscopo sugli aspetti della vita quotidiana
02IST022,Partecipazione culturale fuori casa,Maschi,Italia,italia,2022,22.8,FALSE,Valori percentuali,Istat - Indagine multiscopo sugli aspetti della vita quotidiana
02IST022,Partecipazione culturale fuori casa,Maschi,Italia,italia,2023,34.3,FALSE,Valori percentuali,Istat - Indagine multiscopo sugli aspetti della vita quotidiana
02IST022,Partecipazione culturale fuori casa,Maschi,Italia,italia,2024,36.8,FALSE,Valori percentuali,Istat - Indagine multiscopo sugli aspetti della vita quotidiana
02IST022,Partecipazione culturale fuori casa,Maschi,Italia,italia,2025,38.9,FALSE,Valori percentuali,Istat - Indagine multiscopo sugli aspetti della vita quotidiana
02IST022,Partecipazione culturale fuori casa,Maschi,Nord-est,ripartizione,2005,38.8,FALSE,Valori percentuali,Istat - Indagine multiscopo sugli aspetti della vita quotidiana
02IST022,Partecipazione culturale fuori casa,Maschi,Nord-est,ripartizione,2006,38.6,FALSE,Valori percentuali,Istat - Indagine multiscopo sugli aspetti della vita quotidiana
02IST022,Partecipazione culturale fuori casa,Maschi,Nord-est,ripartizione,2007,37.6,FALSE,Valori percentuali,Istat - Indagine multiscopo sugli aspetti della vita quotidiana
02IST022,Partecipazione culturale fuori casa,Maschi,Nord-est,ripartizione,2008,39.3,FALSE,Valori percentuali,Istat - Indagine multiscopo sugli aspetti della vita quotidiana
02IST022,Partecipazione culturale fuori casa,Maschi,Nord-est,ripartizione,2009,37.4,FALSE,Valori percentuali,Istat - Indagine multiscopo sugli aspetti della vita quotidiana
02IST022,Partecipazione culturale fuori casa,Maschi,Nord-est,ripartizione,2010,39.6,FALSE,Valori percentuali,Istat - Indagine multiscopo sugli aspetti della vita quotidiana
02IST022,Partecipazione culturale fuori casa,Maschi,Nord-est,ripartizione,2011,40.9,FALSE,Valori percentuali,Istat - Indagine multiscopo sugli aspetti della vita quotidiana
02IST022,Partecipazione culturale fuori casa,Maschi,Nord-est,ripartizione,2012,37.6,FALSE,Valori percentuali,Istat - Indagine multiscopo sugli aspetti della vita quotidiana
02IST022,Partecipazione culturale fuori casa,Maschi,Nord-est,ripartizione,2013,36,FALSE,Valori percentuali,Istat - Indagine multiscopo sugli aspetti della vita quotidiana
02IST022,Partecipazione culturale fuori casa,Maschi,Nord-est,ripartizione,2014,34.6,FALSE,Valori percentuali,Istat - Indagine multiscopo sugli aspetti della vita quotidiana
02IST022,Partecipazione culturale fuori casa,Maschi,Nord-est,ripartizione,2015,36.3,FALSE,Valori percentuali,Istat - Indagine multiscopo sugli aspetti della vita quotidiana
02IST022,Partecipazione culturale fuori casa,Maschi,Nord-est,ripartizione,2016,39.1,FALSE,Valori percentuali,Istat - Indagine multiscopo sugli aspetti della vita quotidiana
02IST022,Partecipazione culturale fuori casa,Maschi,Nord-est,ripartizione,2017,38.1,FALSE,Valori percentuali,Istat - Indagine multiscopo sugli aspetti della vita quotidiana
02IST022,Partecipazione culturale fuori casa,Maschi,Nord-est,ripartizione,2018,39.9,FALSE,Valori percentuali,Istat - Indagine multiscopo sugli aspetti della vita quotidiana
02IST022,Partecipazione culturale fuori casa,Maschi,Nord-est,ripartizione,2019,39,FALSE,Valori percentuali,Istat - Indagine multiscopo sugli aspetti della vita quotidiana
02IST022,Partecipazione culturale fuori casa,Maschi,Nord-est,ripartizione,2020,32.7,FALSE,Valori percentuali,Istat - Indagine multiscopo sugli aspetti della vita quotidiana
02IST022,Partecipazione culturale fuori casa,Maschi,Nord-est,ripartizione,2021,10,FALSE,Valori percentuali,Istat - Indagine multiscopo sugli aspetti della vita quotidiana
02IST022,Partecipazione culturale fuori casa,Maschi,Nord-est,ripartizione,2022,25.3,FALSE,Valori percentuali,Istat - Indagine multiscopo sugli aspetti della vita quotidiana
02IST022,Partecipazione culturale fuori casa,Maschi,Nord-est,ripartizione,2023,38.4,FALSE,Valori percentuali,Istat - Indagine multiscopo sugli aspetti della vita quotidiana
02IST022,Partecipazione culturale fuori casa,Maschi,Nord-est,ripartizione,2024,40.6,FALSE,Valori percentuali,Istat - Indagine multiscopo sugli aspetti della vita quotidiana
02IST022,Partecipazione culturale fuori casa,Maschi,Nord-est,ripartizione,2025,42.3,FALSE,Valori percentuali,Istat - Indagine multiscopo sugli aspetti della vita quotidiana
02IST022,Partecipazione culturale fuori casa,Totale,Emilia-Romagna,regione,2005,36.4,FALSE,Valori percentuali,Istat - Indagine multiscopo sugli aspetti della vita quotidiana
02IST022,Partecipazione culturale fuori casa,Totale,Emilia-Romagna,regione,2006,39.5,FALSE,Valori percentuali,Istat - Indagine multiscopo sugli aspetti della vita quotidiana
02IST022,Partecipazione culturale fuori casa,Totale,Emilia-Romagna,regione,2007,39,FALSE,Valori percentuali,Istat - Indagine multiscopo sugli aspetti della vita quotidiana
02IST022,Partecipazione culturale fuori casa,Totale,Emilia-Romagna,regione,2008,37.4,FALSE,Valori percentuali,Istat - Indagine multiscopo sugli aspetti della vita quotidiana
02IST022,Partecipazione culturale fuori casa,Totale,Emilia-Romagna,regione,2009,37.1,FALSE,Valori percentuali,Istat - Indagine multiscopo sugli aspetti della vita quotidiana
02IST022,Partecipazione culturale fuori casa,Totale,Emilia-Romagna,regione,2010,38.5,FALSE,Valori percentuali,Istat - Indagine multiscopo sugli aspetti della vita quotidiana
02IST022,Partecipazione culturale fuori casa,Totale,Emilia-Romagna,regione,2011,39.1,FALSE,Valori percentuali,Istat - Indagine multiscopo sugli aspetti della vita quotidiana
02IST022,Partecipazione culturale fuori casa,Totale,Emilia-Romagna,regione,2012,36.3,FALSE,Valori percentuali,Istat - Indagine multiscopo sugli aspetti della vita quotidiana
02IST022,Partecipazione culturale fuori casa,Totale,Emilia-Romagna,regione,2013,34.5,FALSE,Valori percentuali,Istat - Indagine multiscopo sugli aspetti della vita quotidiana
02IST022,Partecipazione culturale fuori casa,Totale,Emilia-Romagna,regione,2014,35.4,FALSE,Valori percentuali,Istat - Indagine multiscopo sugli aspetti della vita quotidiana
02IST022,Partecipazione culturale fuori casa,Totale,Emilia-Romagna,regione,2015,37,FALSE,Valori percentuali,Istat - Indagine multiscopo sugli aspetti della vita quotidiana
02IST022,Partecipazione culturale fuori casa,Totale,Emilia-Romagna,regione,2016,39.8,FALSE,Valori percentuali,Istat - Indagine multiscopo sugli aspetti della vita quotidiana
02IST022,Partecipazione culturale fuori casa,Totale,Emilia-Romagna,regione,2017,41.2,FALSE,Valori percentuali,Istat - Indagine multiscopo sugli aspetti della vita quotidiana
02IST022,Partecipazione culturale fuori casa,Totale,Emilia-Romagna,regione,2018,41.3,FALSE,Valori percentuali,Istat - Indagine multiscopo sugli aspetti della vita quotidiana
02IST022,Partecipazione culturale fuori casa,Totale,Emilia-Romagna,regione,2019,40.8,FALSE,Valori percentuali,Istat - Indagine multiscopo sugli aspetti della vita quotidiana
02IST022,Partecipazione culturale fuori casa,Totale,Emilia-Romagna,regione,2020,33.8,FALSE,Valori percentuali,Istat - Indagine multiscopo sugli aspetti della vita quotidiana
02IST022,Partecipazione culturale fuori casa,Totale,Emilia-Romagna,regione,2021,9.8,FALSE,Valori percentuali,Istat - Indagine multiscopo sugli aspetti della vita quotidiana
02IST022,Partecipazione culturale fuori casa,Totale,Emilia-Romagna,regione,2022,24.7,FALSE,Valori percentuali,Istat - Indagine multiscopo sugli aspetti della vita quotidiana
02IST022,Partecipazione culturale fuori casa,Totale,Emilia-Romagna,regione,2023,38.5,FALSE,Valori percentuali,Istat - Indagine multiscopo sugli aspetti della vita quotidiana
02IST022,Partecipazione culturale fuori casa,Totale,Emilia-Romagna,regione,2024,41.4,FALSE,Valori percentuali,Istat - Indagine multiscopo sugli aspetti della vita quotidiana
02IST022,Partecipazione culturale fuori casa,Totale,Emilia-Romagna,regione,2025,44,FALSE,Valori percentuali,Istat - Indagine multiscopo sugli aspetti della vita quotidiana
02IST022,Partecipazione culturale fuori casa,Totale,Italia,italia,2005,33.7,FALSE,Valori percentuali,Istat - Indagine multiscopo sugli aspetti della vita quotidiana
02IST022,Partecipazione culturale fuori casa,Totale,Italia,italia,2006,33.2,FALSE,Valori percentuali,Istat - Indagine multiscopo sugli aspetti della vita quotidiana
02IST022,Partecipazione culturale fuori casa,Totale,Italia,italia,2007,33.1,FALSE,Valori percentuali,Istat - Indagine multiscopo sugli aspetti della vita quotidiana
02IST022,Partecipazione culturale fuori casa,Totale,Italia,italia,2008,33.7,FALSE,Valori percentuali,Istat - Indagine multiscopo sugli aspetti della vita quotidiana
02IST022,Partecipazione culturale fuori casa,Totale,Italia,italia,2009,34.4,FALSE,Valori percentuali,Istat - Indagine multiscopo sugli aspetti della vita quotidiana
02IST022,Partecipazione culturale fuori casa,Totale,Italia,italia,2010,36.2,FALSE,Valori percentuali,Istat - Indagine multiscopo sugli aspetti della vita quotidiana
02IST022,Partecipazione culturale fuori casa,Totale,Italia,italia,2011,35.8,FALSE,Valori percentuali,Istat - Indagine multiscopo sugli aspetti della vita quotidiana
02IST022,Partecipazione culturale fuori casa,Totale,Italia,italia,2012,32.6,FALSE,Valori percentuali,Istat - Indagine multiscopo sugli aspetti della vita quotidiana
02IST022,Partecipazione culturale fuori casa,Totale,Italia,italia,2013,30.6,FALSE,Valori percentuali,Istat - Indagine multiscopo sugli aspetti della vita quotidiana
02IST022,Partecipazione culturale fuori casa,Totale,Italia,italia,2014,31.6,FALSE,Valori percentuali,Istat - Indagine multiscopo sugli aspetti della vita quotidiana
02IST022,Partecipazione culturale fuori casa,Totale,Italia,italia,2015,33.4,FALSE,Valori percentuali,Istat - Indagine multiscopo sugli aspetti della vita quotidiana
02IST022,Partecipazione culturale fuori casa,Totale,Italia,italia,2016,34.5,FALSE,Valori percentuali,Istat - Indagine multiscopo sugli aspetti della vita quotidiana
02IST022,Partecipazione culturale fuori casa,Totale,Italia,italia,2017,33.4,FALSE,Valori percentuali,Istat - Indagine multiscopo sugli aspetti della vita quotidiana
02IST022,Partecipazione culturale fuori casa,Totale,Italia,italia,2018,34.7,FALSE,Valori percentuali,Istat - Indagine multiscopo sugli aspetti della vita quotidiana
02IST022,Partecipazione culturale fuori casa,Totale,Italia,italia,2019,35.1,FALSE,Valori percentuali,Istat - Indagine multiscopo sugli aspetti della vita quotidiana
02IST022,Partecipazione culturale fuori casa,Totale,Italia,italia,2020,29.8,FALSE,Valori percentuali,Istat - Indagine multiscopo sugli aspetti della vita quotidiana
02IST022,Partecipazione culturale fuori casa,Totale,Italia,italia,2021,8.3,FALSE,Valori percentuali,Istat - Indagine multiscopo sugli aspetti della vita quotidiana
02IST022,Partecipazione culturale fuori casa,Totale,Italia,italia,2022,23.1,FALSE,Valori percentuali,Istat - Indagine multiscopo sugli aspetti della vita quotidiana
02IST022,Partecipazione culturale fuori casa,Totale,Italia,italia,2023,35.2,FALSE,Valori percentuali,Istat - Indagine multiscopo sugli aspetti della vita quotidiana
02IST022,Partecipazione culturale fuori casa,Totale,Italia,italia,2024,37.4,FALSE,Valori percentuali,Istat - Indagine multiscopo sugli aspetti della vita quotidiana
02IST022,Partecipazione culturale fuori casa,Totale,Italia,italia,2025,40,FALSE,Valori percentuali,Istat - Indagine multiscopo sugli aspetti della vita quotidiana
02IST022,Partecipazione culturale fuori casa,Totale,Nord-est,ripartizione,2005,37.6,FALSE,Valori percentuali,Istat - Indagine multiscopo sugli aspetti della vita quotidiana
02IST022,Partecipazione culturale fuori casa,Totale,Nord-est,ripartizione,2006,38.5,FALSE,Valori percentuali,Istat - Indagine multiscopo sugli aspetti della vita quotidiana
02IST022,Partecipazione culturale fuori casa,Totale,Nord-est,ripartizione,2007,37.9,FALSE,Valori percentuali,Istat - Indagine multiscopo sugli aspetti della vita quotidiana
02IST022,Partecipazione culturale fuori casa,Totale,Nord-est,ripartizione,2008,39.1,FALSE,Valori percentuali,Istat - Indagine multiscopo sugli aspetti della vita quotidiana
02IST022,Partecipazione culturale fuori casa,Totale,Nord-est,ripartizione,2009,38.1,FALSE,Valori percentuali,Istat - Indagine multiscopo sugli aspetti della vita quotidiana
02IST022,Partecipazione culturale fuori casa,Totale,Nord-est,ripartizione,2010,39.4,FALSE,Valori percentuali,Istat - Indagine multiscopo sugli aspetti della vita quotidiana
02IST022,Partecipazione culturale fuori casa,Totale,Nord-est,ripartizione,2011,40.5,FALSE,Valori percentuali,Istat - Indagine multiscopo sugli aspetti della vita quotidiana
02IST022,Partecipazione culturale fuori casa,Totale,Nord-est,ripartizione,2012,37.8,FALSE,Valori percentuali,Istat - Indagine multiscopo sugli aspetti della vita quotidiana
02IST022,Partecipazione culturale fuori casa,Totale,Nord-est,ripartizione,2013,35.7,FALSE,Valori percentuali,Istat - Indagine multiscopo sugli aspetti della vita quotidiana
02IST022,Partecipazione culturale fuori casa,Totale,Nord-est,ripartizione,2014,35.1,FALSE,Valori percentuali,Istat - Indagine multiscopo sugli aspetti della vita quotidiana
02IST022,Partecipazione culturale fuori casa,Totale,Nord-est,ripartizione,2015,37.5,FALSE,Valori percentuali,Istat - Indagine multiscopo sugli aspetti della vita quotidiana
02IST022,Partecipazione culturale fuori casa,Totale,Nord-est,ripartizione,2016,39.7,FALSE,Valori percentuali,Istat - Indagine multiscopo sugli aspetti della vita quotidiana
02IST022,Partecipazione culturale fuori casa,Totale,Nord-est,ripartizione,2017,38.8,FALSE,Valori percentuali,Istat - Indagine multiscopo sugli aspetti della vita quotidiana
02IST022,Partecipazione culturale fuori casa,Totale,Nord-est,ripartizione,2018,40,FALSE,Valori percentuali,Istat - Indagine multiscopo sugli aspetti della vita quotidiana
02IST022,Partecipazione culturale fuori casa,Totale,Nord-est,ripartizione,2019,39.7,FALSE,Valori percentuali,Istat - Indagine multiscopo sugli aspetti della vita quotidiana
02IST022,Partecipazione culturale fuori casa,Totale,Nord-est,ripartizione,2020,33.4,FALSE,Valori percentuali,Istat - Indagine multiscopo sugli aspetti della vita quotidiana
02IST022,Partecipazione culturale fuori casa,Totale,Nord-est,ripartizione,2021,9.7,FALSE,Valori percentuali,Istat - Indagine multiscopo sugli aspetti della vita quotidiana
02IST022,Partecipazione culturale fuori casa,Totale,Nord-est,ripartizione,2022,25.5,FALSE,Valori percentuali,Istat - Indagine multiscopo sugli aspetti della vita quotidiana
02IST022,Partecipazione culturale fuori casa,Totale,Nord-est,ripartizione,2023,39.3,FALSE,Valori percentuali,Istat - Indagine multiscopo sugli aspetti della vita quotidiana
02IST022,Partecipazione culturale fuori casa,Totale,Nord-est,ripartizione,2024,40.7,FALSE,Valori percentuali,Istat - Indagine multiscopo sugli aspetti della vita quotidiana
02IST022,Partecipazione culturale fuori casa,Totale,Nord-est,ripartizione,2025,43.6,FALSE,Valori percentuali,Istat - Indagine multiscopo sugli aspetti della vita quotidiana
02IST023,Lettura di libri e quotidiani,Femmine,Emilia-Romagna,regione,2005,49.3,FALSE,Valori percentuali,Istat - Indagine multiscopo sugli aspetti della vita quotidiana
02IST023,Lettura di libri e quotidiani,Femmine,Emilia-Romagna,regione,2006,54.8,FALSE,Valori percentuali,Istat - Indagine multiscopo sugli aspetti della vita quotidiana
02IST023,Lettura di libri e quotidiani,Femmine,Emilia-Romagna,regione,2007,52.3,FALSE,Valori percentuali,Istat - Indagine multiscopo sugli aspetti della vita quotidiana
02IST023,Lettura di libri e quotidiani,Femmine,Emilia-Romagna,regione,2008,52.7,FALSE,Valori percentuali,Istat - Indagine multiscopo sugli aspetti della vita quotidiana
02IST023,Lettura di libri e quotidiani,Femmine,Emilia-Romagna,regione,2009,52,FALSE,Valori percentuali,Istat - Indagine multiscopo sugli aspetti della vita quotidiana
02IST023,Lettura di libri e quotidiani,Femmine,Emilia-Romagna,regione,2010,53.6,FALSE,Valori percentuali,Istat - Indagine multiscopo sugli aspetti della vita quotidiana
02IST023,Lettura di libri e quotidiani,Femmine,Emilia-Romagna,regione,2011,51.2,FALSE,Valori percentuali,Istat - Indagine multiscopo sugli aspetti della vita quotidiana
02IST023,Lettura di libri e quotidiani,Femmine,Emilia-Romagna,regione,2012,51.1,FALSE,Valori percentuali,Istat - Indagine multiscopo sugli aspetti della vita quotidiana
02IST023,Lettura di libri e quotidiani,Femmine,Emilia-Romagna,regione,2013,47.9,FALSE,Valori percentuali,Istat - Indagine multiscopo sugli aspetti della vita quotidiana
02IST023,Lettura di libri e quotidiani,Femmine,Emilia-Romagna,regione,2014,48.3,FALSE,Valori percentuali,Istat - Indagine multiscopo sugli aspetti della vita quotidiana
02IST023,Lettura di libri e quotidiani,Femmine,Emilia-Romagna,regione,2015,46.6,FALSE,Valori percentuali,Istat - Indagine multiscopo sugli aspetti della vita quotidiana
02IST023,Lettura di libri e quotidiani,Femmine,Emilia-Romagna,regione,2016,50.6,FALSE,Valori percentuali,Istat - Indagine multiscopo sugli aspetti della vita quotidiana
02IST023,Lettura di libri e quotidiani,Femmine,Emilia-Romagna,regione,2017,47.8,FALSE,Valori percentuali,Istat - Indagine multiscopo sugli aspetti della vita quotidiana
02IST023,Lettura di libri e quotidiani,Femmine,Emilia-Romagna,regione,2018,49.2,FALSE,Valori percentuali,Istat - Indagine multiscopo sugli aspetti della vita quotidiana
02IST023,Lettura di libri e quotidiani,Femmine,Emilia-Romagna,regione,2019,45,FALSE,Valori percentuali,Istat - Indagine multiscopo sugli aspetti della vita quotidiana
02IST023,Lettura di libri e quotidiani,Femmine,Emilia-Romagna,regione,2020,49.9,FALSE,Valori percentuali,Istat - Indagine multiscopo sugli aspetti della vita quotidiana
02IST023,Lettura di libri e quotidiani,Femmine,Emilia-Romagna,regione,2021,43.9,FALSE,Valori percentuali,Istat - Indagine multiscopo sugli aspetti della vita quotidiana
02IST023,Lettura di libri e quotidiani,Femmine,Emilia-Romagna,regione,2022,44.4,FALSE,Valori percentuali,Istat - Indagine multiscopo sugli aspetti della vita quotidiana
02IST023,Lettura di libri e quotidiani,Femmine,Emilia-Romagna,regione,2023,43.9,FALSE,Valori percentuali,Istat - Indagine multiscopo sugli aspetti della vita quotidiana
02IST023,Lettura di libri e quotidiani,Femmine,Emilia-Romagna,regione,2024,43.6,FALSE,Valori percentuali,Istat - Indagine multiscopo sugli aspetti della vita quotidiana
02IST023,Lettura di libri e quotidiani,Femmine,Emilia-Romagna,regione,2025,44.9,FALSE,Valori percentuali,Istat - Indagine multiscopo sugli aspetti della vita quotidiana
02IST023,Lettura di libri e quotidiani,Femmine,Italia,italia,2005,41.1,FALSE,Valori percentuali,Istat - Indagine multiscopo sugli aspetti della vita quotidiana
02IST023,Lettura di libri e quotidiani,Femmine,Italia,italia,2006,41.8,FALSE,Valori percentuali,Istat - Indagine multiscopo sugli aspetti della vita quotidiana
02IST023,Lettura di libri e quotidiani,Femmine,Italia,italia,2007,41.6,FALSE,Valori percentuali,Istat - Indagine multiscopo sugli aspetti della vita quotidiana
02IST023,Lettura di libri e quotidiani,Femmine,Italia,italia,2008,41.7,FALSE,Valori percentuali,Istat - Indagine multiscopo sugli aspetti della vita quotidiana
02IST023,Lettura di libri e quotidiani,Femmine,Italia,italia,2009,42.6,FALSE,Valori percentuali,Istat - Indagine multiscopo sugli aspetti della vita quotidiana
02IST023,Lettura di libri e quotidiani,Femmine,Italia,italia,2010,43,FALSE,Valori percentuali,Istat - Indagine multiscopo sugli aspetti della vita quotidiana
02IST023,Lettura di libri e quotidiani,Femmine,Italia,italia,2011,41.3,FALSE,Valori percentuali,Istat - Indagine multiscopo sugli aspetti della vita quotidiana
02IST023,Lettura di libri e quotidiani,Femmine,Italia,italia,2012,40.2,FALSE,Valori percentuali,Istat - Indagine multiscopo sugli aspetti della vita quotidiana
02IST023,Lettura di libri e quotidiani,Femmine,Italia,italia,2013,38.6,FALSE,Valori percentuali,Istat - Indagine multiscopo sugli aspetti della vita quotidiana
02IST023,Lettura di libri e quotidiani,Femmine,Italia,italia,2014,37.7,FALSE,Valori percentuali,Istat - Indagine multiscopo sugli aspetti della vita quotidiana
02IST023,Lettura di libri e quotidiani,Femmine,Italia,italia,2015,38.3,FALSE,Valori percentuali,Istat - Indagine multiscopo sugli aspetti della vita quotidiana
02IST023,Lettura di libri e quotidiani,Femmine,Italia,italia,2016,40.1,FALSE,Valori percentuali,Istat - Indagine multiscopo sugli aspetti della vita quotidiana
02IST023,Lettura di libri e quotidiani,Femmine,Italia,italia,2017,37.4,FALSE,Valori percentuali,Istat - Indagine multiscopo sugli aspetti della vita quotidiana
02IST023,Lettura di libri e quotidiani,Femmine,Italia,italia,2018,38.1,FALSE,Valori percentuali,Istat - Indagine multiscopo sugli aspetti della vita quotidiana
02IST023,Lettura di libri e quotidiani,Femmine,Italia,italia,2019,37.1,FALSE,Valori percentuali,Istat - Indagine multiscopo sugli aspetti della vita quotidiana
02IST023,Lettura di libri e quotidiani,Femmine,Italia,italia,2020,38.6,FALSE,Valori percentuali,Istat - Indagine multiscopo sugli aspetti della vita quotidiana
02IST023,Lettura di libri e quotidiani,Femmine,Italia,italia,2021,37.4,FALSE,Valori percentuali,Istat - Indagine multiscopo sugli aspetti della vita quotidiana
02IST023,Lettura di libri e quotidiani,Femmine,Italia,italia,2022,36.5,FALSE,Valori percentuali,Istat - Indagine multiscopo sugli aspetti della vita quotidiana
02IST023,Lettura di libri e quotidiani,Femmine,Italia,italia,2023,36.6,FALSE,Valori percentuali,Istat - Indagine multiscopo sugli aspetti della vita quotidiana
02IST023,Lettura di libri e quotidiani,Femmine,Italia,italia,2024,36.5,FALSE,Valori percentuali,Istat - Indagine multiscopo sugli aspetti della vita quotidiana
02IST023,Lettura di libri e quotidiani,Femmine,Italia,italia,2025,36.9,FALSE,Valori percentuali,Istat - Indagine multiscopo sugli aspetti della vita quotidiana
02IST023,Lettura di libri e quotidiani,Femmine,Nord-est,ripartizione,2005,50.2,FALSE,Valori percentuali,Istat - Indagine multiscopo sugli aspetti della vita quotidiana
02IST023,Lettura di libri e quotidiani,Femmine,Nord-est,ripartizione,2006,53.3,FALSE,Valori percentuali,Istat - Indagine multiscopo sugli aspetti della vita quotidiana
02IST023,Lettura di libri e quotidiani,Femmine,Nord-est,ripartizione,2007,52.2,FALSE,Valori percentuali,Istat - Indagine multiscopo sugli aspetti della vita quotidiana
02IST023,Lettura di libri e quotidiani,Femmine,Nord-est,ripartizione,2008,53.1,FALSE,Valori percentuali,Istat - Indagine multiscopo sugli aspetti della vita quotidiana
02IST023,Lettura di libri e quotidiani,Femmine,Nord-est,ripartizione,2009,52.7,FALSE,Valori percentuali,Istat - Indagine multiscopo sugli aspetti della vita quotidiana
02IST023,Lettura di libri e quotidiani,Femmine,Nord-est,ripartizione,2010,54.8,FALSE,Valori percentuali,Istat - Indagine multiscopo sugli aspetti della vita quotidiana
02IST023,Lettura di libri e quotidiani,Femmine,Nord-est,ripartizione,2011,53.2,FALSE,Valori percentuali,Istat - Indagine multiscopo sugli aspetti della vita quotidiana
02IST023,Lettura di libri e quotidiani,Femmine,Nord-est,ripartizione,2012,52.7,FALSE,Valori percentuali,Istat - Indagine multiscopo sugli aspetti della vita quotidiana
02IST023,Lettura di libri e quotidiani,Femmine,Nord-est,ripartizione,2013,50.4,FALSE,Valori percentuali,Istat - Indagine multiscopo sugli aspetti della vita quotidiana
02IST023,Lettura di libri e quotidiani,Femmine,Nord-est,ripartizione,2014,49.3,FALSE,Valori percentuali,Istat - Indagine multiscopo sugli aspetti della vita quotidiana
02IST023,Lettura di libri e quotidiani,Femmine,Nord-est,ripartizione,2015,48.5,FALSE,Valori percentuali,Istat - Indagine multiscopo sugli aspetti della vita quotidiana
02IST023,Lettura di libri e quotidiani,Femmine,Nord-est,ripartizione,2016,52.1,FALSE,Valori percentuali,Istat - Indagine multiscopo sugli aspetti della vita quotidiana
02IST023,Lettura di libri e quotidiani,Femmine,Nord-est,ripartizione,2017,49.1,FALSE,Valori percentuali,Istat - Indagine multiscopo sugli aspetti della vita quotidiana
02IST023,Lettura di libri e quotidiani,Femmine,Nord-est,ripartizione,2018,48.9,FALSE,Valori percentuali,Istat - Indagine multiscopo sugli aspetti della vita quotidiana
02IST023,Lettura di libri e quotidiani,Femmine,Nord-est,ripartizione,2019,47.5,FALSE,Valori percentuali,Istat - Indagine multiscopo sugli aspetti della vita quotidiana
02IST023,Lettura di libri e quotidiani,Femmine,Nord-est,ripartizione,2020,49.7,FALSE,Valori percentuali,Istat - Indagine multiscopo sugli aspetti della vita quotidiana
02IST023,Lettura di libri e quotidiani,Femmine,Nord-est,ripartizione,2021,45.4,FALSE,Valori percentuali,Istat - Indagine multiscopo sugli aspetti della vita quotidiana
02IST023,Lettura di libri e quotidiani,Femmine,Nord-est,ripartizione,2022,44.8,FALSE,Valori percentuali,Istat - Indagine multiscopo sugli aspetti della vita quotidiana
02IST023,Lettura di libri e quotidiani,Femmine,Nord-est,ripartizione,2023,45.4,FALSE,Valori percentuali,Istat - Indagine multiscopo sugli aspetti della vita quotidiana
02IST023,Lettura di libri e quotidiani,Femmine,Nord-est,ripartizione,2024,44.6,FALSE,Valori percentuali,Istat - Indagine multiscopo sugli aspetti della vita quotidiana
02IST023,Lettura di libri e quotidiani,Femmine,Nord-est,ripartizione,2025,45.5,FALSE,Valori percentuali,Istat - Indagine multiscopo sugli aspetti della vita quotidiana
02IST023,Lettura di libri e quotidiani,Maschi,Emilia-Romagna,regione,2005,55.5,FALSE,Valori percentuali,Istat - Indagine multiscopo sugli aspetti della vita quotidiana
02IST023,Lettura di libri e quotidiani,Maschi,Emilia-Romagna,regione,2006,57.9,FALSE,Valori percentuali,Istat - Indagine multiscopo sugli aspetti della vita quotidiana
02IST023,Lettura di libri e quotidiani,Maschi,Emilia-Romagna,regione,2007,56.9,FALSE,Valori percentuali,Istat - Indagine multiscopo sugli aspetti della vita quotidiana
02IST023,Lettura di libri e quotidiani,Maschi,Emilia-Romagna,regione,2008,54,FALSE,Valori percentuali,Istat - Indagine multiscopo sugli aspetti della vita quotidiana
02IST023,Lettura di libri e quotidiani,Maschi,Emilia-Romagna,regione,2009,53.9,FALSE,Valori percentuali,Istat - Indagine multiscopo sugli aspetti della vita quotidiana
02IST023,Lettura di libri e quotidiani,Maschi,Emilia-Romagna,regione,2010,53.4,FALSE,Valori percentuali,Istat - Indagine multiscopo sugli aspetti della vita quotidiana
02IST023,Lettura di libri e quotidiani,Maschi,Emilia-Romagna,regione,2011,50,FALSE,Valori percentuali,Istat - Indagine multiscopo sugli aspetti della vita quotidiana
02IST023,Lettura di libri e quotidiani,Maschi,Emilia-Romagna,regione,2012,52.6,FALSE,Valori percentuali,Istat - Indagine multiscopo sugli aspetti della vita quotidiana
02IST023,Lettura di libri e quotidiani,Maschi,Emilia-Romagna,regione,2013,48.3,FALSE,Valori percentuali,Istat - Indagine multiscopo sugli aspetti della vita quotidiana
02IST023,Lettura di libri e quotidiani,Maschi,Emilia-Romagna,regione,2014,49.8,FALSE,Valori percentuali,Istat - Indagine multiscopo sugli aspetti della vita quotidiana
02IST023,Lettura di libri e quotidiani,Maschi,Emilia-Romagna,regione,2015,47,FALSE,Valori percentuali,Istat - Indagine multiscopo sugli aspetti della vita quotidiana
02IST023,Lettura di libri e quotidiani,Maschi,Emilia-Romagna,regione,2016,49.4,FALSE,Valori percentuali,Istat - Indagine multiscopo sugli aspetti della vita quotidiana
02IST023,Lettura di libri e quotidiani,Maschi,Emilia-Romagna,regione,2017,50.4,FALSE,Valori percentuali,Istat - Indagine multiscopo sugli aspetti della vita quotidiana
02IST023,Lettura di libri e quotidiani,Maschi,Emilia-Romagna,regione,2018,50.6,FALSE,Valori percentuali,Istat - Indagine multiscopo sugli aspetti della vita quotidiana
02IST023,Lettura di libri e quotidiani,Maschi,Emilia-Romagna,regione,2019,46.6,FALSE,Valori percentuali,Istat - Indagine multiscopo sugli aspetti della vita quotidiana
02IST023,Lettura di libri e quotidiani,Maschi,Emilia-Romagna,regione,2020,48.9,FALSE,Valori percentuali,Istat - Indagine multiscopo sugli aspetti della vita quotidiana
02IST023,Lettura di libri e quotidiani,Maschi,Emilia-Romagna,regione,2021,41.8,FALSE,Valori percentuali,Istat - Indagine multiscopo sugli aspetti della vita quotidiana
02IST023,Lettura di libri e quotidiani,Maschi,Emilia-Romagna,regione,2022,43.5,FALSE,Valori percentuali,Istat - Indagine multiscopo sugli aspetti della vita quotidiana
02IST023,Lettura di libri e quotidiani,Maschi,Emilia-Romagna,regione,2023,40.1,FALSE,Valori percentuali,Istat - Indagine multiscopo sugli aspetti della vita quotidiana
02IST023,Lettura di libri e quotidiani,Maschi,Emilia-Romagna,regione,2024,40.9,FALSE,Valori percentuali,Istat - Indagine multiscopo sugli aspetti della vita quotidiana
02IST023,Lettura di libri e quotidiani,Maschi,Emilia-Romagna,regione,2025,44.6,FALSE,Valori percentuali,Istat - Indagine multiscopo sugli aspetti della vita quotidiana
02IST023,Lettura di libri e quotidiani,Maschi,Italia,italia,2005,45.9,FALSE,Valori percentuali,Istat - Indagine multiscopo sugli aspetti della vita quotidiana
02IST023,Lettura di libri e quotidiani,Maschi,Italia,italia,2006,46.1,FALSE,Valori percentuali,Istat - Indagine multiscopo sugli aspetti della vita quotidiana
02IST023,Lettura di libri e quotidiani,Maschi,Italia,italia,2007,46.4,FALSE,Valori percentuali,Istat - Indagine multiscopo sugli aspetti della vita quotidiana
02IST023,Lettura di libri e quotidiani,Maschi,Italia,italia,2008,44.9,FALSE,Valori percentuali,Istat - Indagine multiscopo sugli aspetti della vita quotidiana
02IST023,Lettura di libri e quotidiani,Maschi,Italia,italia,2009,45.9,FALSE,Valori percentuali,Istat - Indagine multiscopo sugli aspetti della vita quotidiana
02IST023,Lettura di libri e quotidiani,Maschi,Italia,italia,2010,45.9,FALSE,Valori percentuali,Istat - Indagine multiscopo sugli aspetti della vita quotidiana
02IST023,Lettura di libri e quotidiani,Maschi,Italia,italia,2011,44.4,FALSE,Valori percentuali,Istat - Indagine multiscopo sugli aspetti della vita quotidiana
02IST023,Lettura di libri e quotidiani,Maschi,Italia,italia,2012,42.8,FALSE,Valori percentuali,Istat - Indagine multiscopo sugli aspetti della vita quotidiana
02IST023,Lettura di libri e quotidiani,Maschi,Italia,italia,2013,38.9,FALSE,Valori percentuali,Istat - Indagine multiscopo sugli aspetti della vita quotidiana
02IST023,Lettura di libri e quotidiani,Maschi,Italia,italia,2014,38.2,FALSE,Valori percentuali,Istat - Indagine multiscopo sugli aspetti della vita quotidiana
02IST023,Lettura di libri e quotidiani,Maschi,Italia,italia,2015,38,FALSE,Valori percentuali,Istat - Indagine multiscopo sugli aspetti della vita quotidiana
02IST023,Lettura di libri e quotidiani,Maschi,Italia,italia,2016,41.4,FALSE,Valori percentuali,Istat - Indagine multiscopo sugli aspetti della vita quotidiana
02IST023,Lettura di libri e quotidiani,Maschi,Italia,italia,2017,38.6,FALSE,Valori percentuali,Istat - Indagine multiscopo sugli aspetti della vita quotidiana
02IST023,Lettura di libri e quotidiani,Maschi,Italia,italia,2018,39.8,FALSE,Valori percentuali,Istat - Indagine multiscopo sugli aspetti della vita quotidiana
02IST023,Lettura di libri e quotidiani,Maschi,Italia,italia,2019,39,FALSE,Valori percentuali,Istat - Indagine multiscopo sugli aspetti della vita quotidiana
02IST023,Lettura di libri e quotidiani,Maschi,Italia,italia,2020,37.8,FALSE,Valori percentuali,Istat - Indagine multiscopo sugli aspetti della vita quotidiana
02IST023,Lettura di libri e quotidiani,Maschi,Italia,italia,2021,35.7,FALSE,Valori percentuali,Istat - Indagine multiscopo sugli aspetti della vita quotidiana
02IST023,Lettura di libri e quotidiani,Maschi,Italia,italia,2022,35.2,FALSE,Valori percentuali,Istat - Indagine multiscopo sugli aspetti della vita quotidiana
02IST023,Lettura di libri e quotidiani,Maschi,Italia,italia,2023,34.3,FALSE,Valori percentuali,Istat - Indagine multiscopo sugli aspetti della vita quotidiana
02IST023,Lettura di libri e quotidiani,Maschi,Italia,italia,2024,34.1,FALSE,Valori percentuali,Istat - Indagine multiscopo sugli aspetti della vita quotidiana
02IST023,Lettura di libri e quotidiani,Maschi,Italia,italia,2025,35.3,FALSE,Valori percentuali,Istat - Indagine multiscopo sugli aspetti della vita quotidiana
02IST023,Lettura di libri e quotidiani,Maschi,Nord-est,ripartizione,2005,53.8,FALSE,Valori percentuali,Istat - Indagine multiscopo sugli aspetti della vita quotidiana
02IST023,Lettura di libri e quotidiani,Maschi,Nord-est,ripartizione,2006,55.1,FALSE,Valori percentuali,Istat - Indagine multiscopo sugli aspetti della vita quotidiana
02IST023,Lettura di libri e quotidiani,Maschi,Nord-est,ripartizione,2007,56.6,FALSE,Valori percentuali,Istat - Indagine multiscopo sugli aspetti della vita quotidiana
02IST023,Lettura di libri e quotidiani,Maschi,Nord-est,ripartizione,2008,53.4,FALSE,Valori percentuali,Istat - Indagine multiscopo sugli aspetti della vita quotidiana
02IST023,Lettura di libri e quotidiani,Maschi,Nord-est,ripartizione,2009,53.4,FALSE,Valori percentuali,Istat - Indagine multiscopo sugli aspetti della vita quotidiana
02IST023,Lettura di libri e quotidiani,Maschi,Nord-est,ripartizione,2010,54.1,FALSE,Valori percentuali,Istat - Indagine multiscopo sugli aspetti della vita quotidiana
02IST023,Lettura di libri e quotidiani,Maschi,Nord-est,ripartizione,2011,52.3,FALSE,Valori percentuali,Istat - Indagine multiscopo sugli aspetti della vita quotidiana
02IST023,Lettura di libri e quotidiani,Maschi,Nord-est,ripartizione,2012,53,FALSE,Valori percentuali,Istat - Indagine multiscopo sugli aspetti della vita quotidiana
02IST023,Lettura di libri e quotidiani,Maschi,Nord-est,ripartizione,2013,48.7,FALSE,Valori percentuali,Istat - Indagine multiscopo sugli aspetti della vita quotidiana
02IST023,Lettura di libri e quotidiani,Maschi,Nord-est,ripartizione,2014,46.8,FALSE,Valori percentuali,Istat - Indagine multiscopo sugli aspetti della vita quotidiana
02IST023,Lettura di libri e quotidiani,Maschi,Nord-est,ripartizione,2015,46,FALSE,Valori percentuali,Istat - Indagine multiscopo sugli aspetti della vita quotidiana
02IST023,Lettura di libri e quotidiani,Maschi,Nord-est,ripartizione,2016,49.5,FALSE,Valori percentuali,Istat - Indagine multiscopo sugli aspetti della vita quotidiana
02IST023,Lettura di libri e quotidiani,Maschi,Nord-est,ripartizione,2017,49.8,FALSE,Valori percentuali,Istat - Indagine multiscopo sugli aspetti della vita quotidiana
02IST023,Lettura di libri e quotidiani,Maschi,Nord-est,ripartizione,2018,48.5,FALSE,Valori percentuali,Istat - Indagine multiscopo sugli aspetti della vita quotidiana
02IST023,Lettura di libri e quotidiani,Maschi,Nord-est,ripartizione,2019,48,FALSE,Valori percentuali,Istat - Indagine multiscopo sugli aspetti della vita quotidiana
02IST023,Lettura di libri e quotidiani,Maschi,Nord-est,ripartizione,2020,47,FALSE,Valori percentuali,Istat - Indagine multiscopo sugli aspetti della vita quotidiana
02IST023,Lettura di libri e quotidiani,Maschi,Nord-est,ripartizione,2021,41.8,FALSE,Valori percentuali,Istat - Indagine multiscopo sugli aspetti della vita quotidiana
02IST023,Lettura di libri e quotidiani,Maschi,Nord-est,ripartizione,2022,43.8,FALSE,Valori percentuali,Istat - Indagine multiscopo sugli aspetti della vita quotidiana
02IST023,Lettura di libri e quotidiani,Maschi,Nord-est,ripartizione,2023,41.2,FALSE,Valori percentuali,Istat - Indagine multiscopo sugli aspetti della vita quotidiana
02IST023,Lettura di libri e quotidiani,Maschi,Nord-est,ripartizione,2024,42.1,FALSE,Valori percentuali,Istat - Indagine multiscopo sugli aspetti della vita quotidiana
02IST023,Lettura di libri e quotidiani,Maschi,Nord-est,ripartizione,2025,42.5,FALSE,Valori percentuali,Istat - Indagine multiscopo sugli aspetti della vita quotidiana
02IST023,Lettura di libri e quotidiani,Totale,Emilia-Romagna,regione,2005,52.3,FALSE,Valori percentuali,Istat - Indagine multiscopo sugli aspetti della vita quotidiana
02IST023,Lettura di libri e quotidiani,Totale,Emilia-Romagna,regione,2006,56.3,FALSE,Valori percentuali,Istat - Indagine multiscopo sugli aspetti della vita quotidiana
02IST023,Lettura di libri e quotidiani,Totale,Emilia-Romagna,regione,2007,54.5,FALSE,Valori percentuali,Istat - Indagine multiscopo sugli aspetti della vita quotidiana
02IST023,Lettura di libri e quotidiani,Totale,Emilia-Romagna,regione,2008,53.3,FALSE,Valori percentuali,Istat - Indagine multiscopo sugli aspetti della vita quotidiana
02IST023,Lettura di libri e quotidiani,Totale,Emilia-Romagna,regione,2009,52.9,FALSE,Valori percentuali,Istat - Indagine multiscopo sugli aspetti della vita quotidiana
02IST023,Lettura di libri e quotidiani,Totale,Emilia-Romagna,regione,2010,53.5,FALSE,Valori percentuali,Istat - Indagine multiscopo sugli aspetti della vita quotidiana
02IST023,Lettura di libri e quotidiani,Totale,Emilia-Romagna,regione,2011,50.7,FALSE,Valori percentuali,Istat - Indagine multiscopo sugli aspetti della vita quotidiana
02IST023,Lettura di libri e quotidiani,Totale,Emilia-Romagna,regione,2012,51.8,FALSE,Valori percentuali,Istat - Indagine multiscopo sugli aspetti della vita quotidiana
02IST023,Lettura di libri e quotidiani,Totale,Emilia-Romagna,regione,2013,48.1,FALSE,Valori percentuali,Istat - Indagine multiscopo sugli aspetti della vita quotidiana
02IST023,Lettura di libri e quotidiani,Totale,Emilia-Romagna,regione,2014,49,FALSE,Valori percentuali,Istat - Indagine multiscopo sugli aspetti della vita quotidiana
02IST023,Lettura di libri e quotidiani,Totale,Emilia-Romagna,regione,2015,46.8,FALSE,Valori percentuali,Istat - Indagine multiscopo sugli aspetti della vita quotidiana
02IST023,Lettura di libri e quotidiani,Totale,Emilia-Romagna,regione,2016,50,FALSE,Valori percentuali,Istat - Indagine multiscopo sugli aspetti della vita quotidiana
02IST023,Lettura di libri e quotidiani,Totale,Emilia-Romagna,regione,2017,49.1,FALSE,Valori percentuali,Istat - Indagine multiscopo sugli aspetti della vita quotidiana
02IST023,Lettura di libri e quotidiani,Totale,Emilia-Romagna,regione,2018,49.9,FALSE,Valori percentuali,Istat - Indagine multiscopo sugli aspetti della vita quotidiana
02IST023,Lettura di libri e quotidiani,Totale,Emilia-Romagna,regione,2019,45.8,FALSE,Valori percentuali,Istat - Indagine multiscopo sugli aspetti della vita quotidiana
02IST023,Lettura di libri e quotidiani,Totale,Emilia-Romagna,regione,2020,49.4,FALSE,Valori percentuali,Istat - Indagine multiscopo sugli aspetti della vita quotidiana
02IST023,Lettura di libri e quotidiani,Totale,Emilia-Romagna,regione,2021,42.9,FALSE,Valori percentuali,Istat - Indagine multiscopo sugli aspetti della vita quotidiana
02IST023,Lettura di libri e quotidiani,Totale,Emilia-Romagna,regione,2022,44,FALSE,Valori percentuali,Istat - Indagine multiscopo sugli aspetti della vita quotidiana
02IST023,Lettura di libri e quotidiani,Totale,Emilia-Romagna,regione,2023,42.1,FALSE,Valori percentuali,Istat - Indagine multiscopo sugli aspetti della vita quotidiana
02IST023,Lettura di libri e quotidiani,Totale,Emilia-Romagna,regione,2024,42.3,FALSE,Valori percentuali,Istat - Indagine multiscopo sugli aspetti della vita quotidiana
02IST023,Lettura di libri e quotidiani,Totale,Emilia-Romagna,regione,2025,44.7,FALSE,Valori percentuali,Istat - Indagine multiscopo sugli aspetti della vita quotidiana
02IST023,Lettura di libri e quotidiani,Totale,Italia,italia,2005,43.4,FALSE,Valori percentuali,Istat - Indagine multiscopo sugli aspetti della vita quotidiana
02IST023,Lettura di libri e quotidiani,Totale,Italia,italia,2006,43.9,FALSE,Valori percentuali,Istat - Indagine multiscopo sugli aspetti della vita quotidiana
02IST023,Lettura di libri e quotidiani,Totale,Italia,italia,2007,44,FALSE,Valori percentuali,Istat - Indagine multiscopo sugli aspetti della vita quotidiana
02IST023,Lettura di libri e quotidiani,Totale,Italia,italia,2008,43.2,FALSE,Valori percentuali,Istat - Indagine multiscopo sugli aspetti della vita quotidiana
02IST023,Lettura di libri e quotidiani,Totale,Italia,italia,2009,44.2,FALSE,Valori percentuali,Istat - Indagine multiscopo sugli aspetti della vita quotidiana
02IST023,Lettura di libri e quotidiani,Totale,Italia,italia,2010,44.4,FALSE,Valori percentuali,Istat - Indagine multiscopo sugli aspetti della vita quotidiana
02IST023,Lettura di libri e quotidiani,Totale,Italia,italia,2011,42.8,FALSE,Valori percentuali,Istat - Indagine multiscopo sugli aspetti della vita quotidiana
02IST023,Lettura di libri e quotidiani,Totale,Italia,italia,2012,41.4,FALSE,Valori percentuali,Istat - Indagine multiscopo sugli aspetti della vita quotidiana
02IST023,Lettura di libri e quotidiani,Totale,Italia,italia,2013,38.7,FALSE,Valori percentuali,Istat - Indagine multiscopo sugli aspetti della vita quotidiana
02IST023,Lettura di libri e quotidiani,Totale,Italia,italia,2014,37.9,FALSE,Valori percentuali,Istat - Indagine multiscopo sugli aspetti della vita quotidiana
02IST023,Lettura di libri e quotidiani,Totale,Italia,italia,2015,38.2,FALSE,Valori percentuali,Istat - Indagine multiscopo sugli aspetti della vita quotidiana
02IST023,Lettura di libri e quotidiani,Totale,Italia,italia,2016,40.7,FALSE,Valori percentuali,Istat - Indagine multiscopo sugli aspetti della vita quotidiana
02IST023,Lettura di libri e quotidiani,Totale,Italia,italia,2017,38,FALSE,Valori percentuali,Istat - Indagine multiscopo sugli aspetti della vita quotidiana
02IST023,Lettura di libri e quotidiani,Totale,Italia,italia,2018,38.9,FALSE,Valori percentuali,Istat - Indagine multiscopo sugli aspetti della vita quotidiana
02IST023,Lettura di libri e quotidiani,Totale,Italia,italia,2019,38,FALSE,Valori percentuali,Istat - Indagine multiscopo sugli aspetti della vita quotidiana
02IST023,Lettura di libri e quotidiani,Totale,Italia,italia,2020,38.2,FALSE,Valori percentuali,Istat - Indagine multiscopo sugli aspetti della vita quotidiana
02IST023,Lettura di libri e quotidiani,Totale,Italia,italia,2021,36.6,FALSE,Valori percentuali,Istat - Indagine multiscopo sugli aspetti della vita quotidiana
02IST023,Lettura di libri e quotidiani,Totale,Italia,italia,2022,35.9,FALSE,Valori percentuali,Istat - Indagine multiscopo sugli aspetti della vita quotidiana
02IST023,Lettura di libri e quotidiani,Totale,Italia,italia,2023,35.5,FALSE,Valori percentuali,Istat - Indagine multiscopo sugli aspetti della vita quotidiana
02IST023,Lettura di libri e quotidiani,Totale,Italia,italia,2024,35.3,FALSE,Valori percentuali,Istat - Indagine multiscopo sugli aspetti della vita quotidiana
02IST023,Lettura di libri e quotidiani,Totale,Italia,italia,2025,36.1,FALSE,Valori percentuali,Istat - Indagine multiscopo sugli aspetti della vita quotidiana
02IST023,Lettura di libri e quotidiani,Totale,Nord-est,ripartizione,2005,52,FALSE,Valori percentuali,Istat - Indagine multiscopo sugli aspetti della vita quotidiana
02IST023,Lettura di libri e quotidiani,Totale,Nord-est,ripartizione,2006,54.2,FALSE,Valori percentuali,Istat - Indagine multiscopo sugli aspetti della vita quotidiana
02IST023,Lettura di libri e quotidiani,Totale,Nord-est,ripartizione,2007,54.4,FALSE,Valori percentuali,Istat - Indagine multiscopo sugli aspetti della vita quotidiana
02IST023,Lettura di libri e quotidiani,Totale,Nord-est,ripartizione,2008,53.2,FALSE,Valori percentuali,Istat - Indagine multiscopo sugli aspetti della vita quotidiana
02IST023,Lettura di libri e quotidiani,Totale,Nord-est,ripartizione,2009,53.1,FALSE,Valori percentuali,Istat - Indagine multiscopo sugli aspetti della vita quotidiana
02IST023,Lettura di libri e quotidiani,Totale,Nord-est,ripartizione,2010,54.5,FALSE,Valori percentuali,Istat - Indagine multiscopo sugli aspetti della vita quotidiana
02IST023,Lettura di libri e quotidiani,Totale,Nord-est,ripartizione,2011,52.8,FALSE,Valori percentuali,Istat - Indagine multiscopo sugli aspetti della vita quotidiana
02IST023,Lettura di libri e quotidiani,Totale,Nord-est,ripartizione,2012,52.8,FALSE,Valori percentuali,Istat - Indagine multiscopo sugli aspetti della vita quotidiana
02IST023,Lettura di libri e quotidiani,Totale,Nord-est,ripartizione,2013,49.5,FALSE,Valori percentuali,Istat - Indagine multiscopo sugli aspetti della vita quotidiana
02IST023,Lettura di libri e quotidiani,Totale,Nord-est,ripartizione,2014,48.1,FALSE,Valori percentuali,Istat - Indagine multiscopo sugli aspetti della vita quotidiana
02IST023,Lettura di libri e quotidiani,Totale,Nord-est,ripartizione,2015,47.3,FALSE,Valori percentuali,Istat - Indagine multiscopo sugli aspetti della vita quotidiana
02IST023,Lettura di libri e quotidiani,Totale,Nord-est,ripartizione,2016,50.8,FALSE,Valori percentuali,Istat - Indagine multiscopo sugli aspetti della vita quotidiana
02IST023,Lettura di libri e quotidiani,Totale,Nord-est,ripartizione,2017,49.4,FALSE,Valori percentuali,Istat - Indagine multiscopo sugli aspetti della vita quotidiana
02IST023,Lettura di libri e quotidiani,Totale,Nord-est,ripartizione,2018,48.7,FALSE,Valori percentuali,Istat - Indagine multiscopo sugli aspetti della vita quotidiana
02IST023,Lettura di libri e quotidiani,Totale,Nord-est,ripartizione,2019,47.8,FALSE,Valori percentuali,Istat - Indagine multiscopo sugli aspetti della vita quotidiana
02IST023,Lettura di libri e quotidiani,Totale,Nord-est,ripartizione,2020,48.4,FALSE,Valori percentuali,Istat - Indagine multiscopo sugli aspetti della vita quotidiana
02IST023,Lettura di libri e quotidiani,Totale,Nord-est,ripartizione,2021,43.6,FALSE,Valori percentuali,Istat - Indagine multiscopo sugli aspetti della vita quotidiana
02IST023,Lettura di libri e quotidiani,Totale,Nord-est,ripartizione,2022,44.3,FALSE,Valori percentuali,Istat - Indagine multiscopo sugli aspetti della vita quotidiana
02IST023,Lettura di libri e quotidiani,Totale,Nord-est,ripartizione,2023,43.3,FALSE,Valori percentuali,Istat - Indagine multiscopo sugli aspetti della vita quotidiana
02IST023,Lettura di libri e quotidiani,Totale,Nord-est,ripartizione,2024,43.4,FALSE,Valori percentuali,Istat - Indagine multiscopo sugli aspetti della vita quotidiana
02IST023,Lettura di libri e quotidiani,Totale,Nord-est,ripartizione,2025,44,FALSE,Valori percentuali,Istat - Indagine multiscopo sugli aspetti della vita quotidiana
02IST024,Fruizione delle biblioteche,Femmine,Italia,italia,2019,17.2,FALSE,Valori percentuali,Istat - Indagine multiscopo sugli aspetti della vita quotidiana
02IST024,Fruizione delle biblioteche,Femmine,Italia,italia,2020,14.1,FALSE,Valori percentuali,Istat - Indagine multiscopo sugli aspetti della vita quotidiana
02IST024,Fruizione delle biblioteche,Femmine,Italia,italia,2021,8.2,FALSE,Valori percentuali,Istat - Indagine multiscopo sugli aspetti della vita quotidiana
02IST024,Fruizione delle biblioteche,Femmine,Italia,italia,2022,11.7,FALSE,Valori percentuali,Istat - Indagine multiscopo sugli aspetti della vita quotidiana
02IST024,Fruizione delle biblioteche,Femmine,Italia,italia,2023,14,FALSE,Valori percentuali,Istat - Indagine multiscopo sugli aspetti della vita quotidiana
02IST024,Fruizione delle biblioteche,Femmine,Italia,italia,2024,16.3,FALSE,Valori percentuali,Istat - Indagine multiscopo sugli aspetti della vita quotidiana
02IST024,Fruizione delle biblioteche,Femmine,Italia,italia,2025,17.4,FALSE,Valori percentuali,Istat - Indagine multiscopo sugli aspetti della vita quotidiana
02IST024,Fruizione delle biblioteche,Femmine,Nord-est,ripartizione,2019,24.9,FALSE,Valori percentuali,Istat - Indagine multiscopo sugli aspetti della vita quotidiana
02IST024,Fruizione delle biblioteche,Femmine,Nord-est,ripartizione,2020,20.6,FALSE,Valori percentuali,Istat - Indagine multiscopo sugli aspetti della vita quotidiana
02IST024,Fruizione delle biblioteche,Femmine,Nord-est,ripartizione,2021,12.3,FALSE,Valori percentuali,Istat - Indagine multiscopo sugli aspetti della vita quotidiana
02IST024,Fruizione delle biblioteche,Femmine,Nord-est,ripartizione,2022,16.3,FALSE,Valori percentuali,Istat - Indagine multiscopo sugli aspetti della vita quotidiana
02IST024,Fruizione delle biblioteche,Femmine,Nord-est,ripartizione,2023,20.4,FALSE,Valori percentuali,Istat - Indagine multiscopo sugli aspetti della vita quotidiana
02IST024,Fruizione delle biblioteche,Femmine,Nord-est,ripartizione,2024,23.7,FALSE,Valori percentuali,Istat - Indagine multiscopo sugli aspetti della vita quotidiana
02IST024,Fruizione delle biblioteche,Femmine,Nord-est,ripartizione,2025,24.9,FALSE,Valori percentuali,Istat - Indagine multiscopo sugli aspetti della vita quotidiana
02IST024,Fruizione delle biblioteche,Maschi,Italia,italia,2019,13.2,FALSE,Valori percentuali,Istat - Indagine multiscopo sugli aspetti della vita quotidiana
02IST024,Fruizione delle biblioteche,Maschi,Italia,italia,2020,10.6,FALSE,Valori percentuali,Istat - Indagine multiscopo sugli aspetti della vita quotidiana
02IST024,Fruizione delle biblioteche,Maschi,Italia,italia,2021,6.5,FALSE,Valori percentuali,Istat - Indagine multiscopo sugli aspetti della vita quotidiana
02IST024,Fruizione delle biblioteche,Maschi,Italia,italia,2022,8.6,FALSE,Valori percentuali,Istat - Indagine multiscopo sugli aspetti della vita quotidiana
02IST024,Fruizione delle biblioteche,Maschi,Italia,italia,2023,10.7,FALSE,Valori percentuali,Istat - Indagine multiscopo sugli aspetti della vita quotidiana
02IST024,Fruizione delle biblioteche,Maschi,Italia,italia,2024,12.6,FALSE,Valori percentuali,Istat - Indagine multiscopo sugli aspetti della vita quotidiana
02IST024,Fruizione delle biblioteche,Maschi,Italia,italia,2025,12.6,FALSE,Valori percentuali,Istat - Indagine multiscopo sugli aspetti della vita quotidiana
02IST024,Fruizione delle biblioteche,Maschi,Nord-est,ripartizione,2019,18.5,FALSE,Valori percentuali,Istat - Indagine multiscopo sugli aspetti della vita quotidiana
02IST024,Fruizione delle biblioteche,Maschi,Nord-est,ripartizione,2020,15.7,FALSE,Valori percentuali,Istat - Indagine multiscopo sugli aspetti della vita quotidiana
02IST024,Fruizione delle biblioteche,Maschi,Nord-est,ripartizione,2021,9.3,FALSE,Valori percentuali,Istat - Indagine multiscopo sugli aspetti della vita quotidiana
02IST024,Fruizione delle biblioteche,Maschi,Nord-est,ripartizione,2022,12.1,FALSE,Valori percentuali,Istat - Indagine multiscopo sugli aspetti della vita quotidiana
02IST024,Fruizione delle biblioteche,Maschi,Nord-est,ripartizione,2023,14.3,FALSE,Valori percentuali,Istat - Indagine multiscopo sugli aspetti della vita quotidiana
02IST024,Fruizione delle biblioteche,Maschi,Nord-est,ripartizione,2024,17.3,FALSE,Valori percentuali,Istat - Indagine multiscopo sugli aspetti della vita quotidiana
02IST024,Fruizione delle biblioteche,Maschi,Nord-est,ripartizione,2025,17.9,FALSE,Valori percentuali,Istat - Indagine multiscopo sugli aspetti della vita quotidiana
02IST024,Fruizione delle biblioteche,Totale,Emilia-Romagna,regione,2019,21.6,FALSE,Valori percentuali,Istat - Indagine multiscopo sugli aspetti della vita quotidiana
02IST024,Fruizione delle biblioteche,Totale,Emilia-Romagna,regione,2020,17.9,FALSE,Valori percentuali,Istat - Indagine multiscopo sugli aspetti della vita quotidiana
02IST024,Fruizione delle biblioteche,Totale,Emilia-Romagna,regione,2021,10.1,FALSE,Valori percentuali,Istat - Indagine multiscopo sugli aspetti della vita quotidiana
02IST024,Fruizione delle biblioteche,Totale,Emilia-Romagna,regione,2022,13.6,FALSE,Valori percentuali,Istat - Indagine multiscopo sugli aspetti della vita quotidiana
02IST024,Fruizione delle biblioteche,Totale,Emilia-Romagna,regione,2023,17.1,FALSE,Valori percentuali,Istat - Indagine multiscopo sugli aspetti della vita quotidiana
02IST024,Fruizione delle biblioteche,Totale,Emilia-Romagna,regione,2024,20.5,FALSE,Valori percentuali,Istat - Indagine multiscopo sugli aspetti della vita quotidiana
02IST024,Fruizione delle biblioteche,Totale,Emilia-Romagna,regione,2025,20.5,FALSE,Valori percentuali,Istat - Indagine multiscopo sugli aspetti della vita quotidiana
02IST024,Fruizione delle biblioteche,Totale,Italia,italia,2019,15.3,FALSE,Valori percentuali,Istat - Indagine multiscopo sugli aspetti della vita quotidiana
02IST024,Fruizione delle biblioteche,Totale,Italia,italia,2020,12.4,FALSE,Valori percentuali,Istat - Indagine multiscopo sugli aspetti della vita quotidiana
02IST024,Fruizione delle biblioteche,Totale,Italia,italia,2021,7.4,FALSE,Valori percentuali,Istat - Indagine multiscopo sugli aspetti della vita quotidiana
02IST024,Fruizione delle biblioteche,Totale,Italia,italia,2022,10.2,FALSE,Valori percentuali,Istat - Indagine multiscopo sugli aspetti della vita quotidiana
02IST024,Fruizione delle biblioteche,Totale,Italia,italia,2023,12.4,FALSE,Valori percentuali,Istat - Indagine multiscopo sugli aspetti della vita quotidiana
02IST024,Fruizione delle biblioteche,Totale,Italia,italia,2024,14.5,FALSE,Valori percentuali,Istat - Indagine multiscopo sugli aspetti della vita quotidiana
02IST024,Fruizione delle biblioteche,Totale,Italia,italia,2025,15.1,FALSE,Valori percentuali,Istat - Indagine multiscopo sugli aspetti della vita quotidiana
02IST024,Fruizione delle biblioteche,Totale,Nord-est,ripartizione,2019,21.7,FALSE,Valori percentuali,Istat - Indagine multiscopo sugli aspetti della vita quotidiana
02IST024,Fruizione delle biblioteche,Totale,Nord-est,ripartizione,2020,18.2,FALSE,Valori percentuali,Istat - Indagine multiscopo sugli aspetti della vita quotidiana
02IST024,Fruizione delle biblioteche,Totale,Nord-est,ripartizione,2021,10.8,FALSE,Valori percentuali,Istat - Indagine multiscopo sugli aspetti della vita quotidiana
02IST024,Fruizione delle biblioteche,Totale,Nord-est,ripartizione,2022,14.2,FALSE,Valori percentuali,Istat - Indagine multiscopo sugli aspetti della vita quotidiana
02IST024,Fruizione delle biblioteche,Totale,Nord-est,ripartizione,2023,17.4,FALSE,Valori percentuali,Istat - Indagine multiscopo sugli aspetti della vita quotidiana
02IST024,Fruizione delle biblioteche,Totale,Nord-est,ripartizione,2024,20.5,FALSE,Valori percentuali,Istat - Indagine multiscopo sugli aspetti della vita quotidiana
02IST024,Fruizione delle biblioteche,Totale,Nord-est,ripartizione,2025,21.4,FALSE,Valori percentuali,Istat - Indagine multiscopo sugli aspetti della vita quotidiana
02IST025,Competenze digitali almeno di base,Femmine,Emilia-Romagna,regione,2021,48.7,FALSE,Valori percentuali,Istat - Indagine multiscopo sugli aspetti della vita quotidiana
02IST025,Competenze digitali almeno di base,Femmine,Emilia-Romagna,regione,2023,51,FALSE,Valori percentuali,Istat - Indagine multiscopo sugli aspetti della vita quotidiana
02IST025,Competenze digitali almeno di base,Femmine,Italia,italia,2021,43.2,FALSE,Valori percentuali,Istat - Indagine multiscopo sugli aspetti della vita quotidiana
02IST025,Competenze digitali almeno di base,Femmine,Italia,italia,2023,44.3,FALSE,Valori percentuali,Istat - Indagine multiscopo sugli aspetti della vita quotidiana
02IST025,Competenze digitali almeno di base,Femmine,Nord-est,ripartizione,2021,48.5,FALSE,Valori percentuali,Istat - Indagine multiscopo sugli aspetti della vita quotidiana
02IST025,Competenze digitali almeno di base,Femmine,Nord-est,ripartizione,2023,50.7,FALSE,Valori percentuali,Istat - Indagine multiscopo sugli aspetti della vita quotidiana
02IST025,Competenze digitali almeno di base,Maschi,Emilia-Romagna,regione,2021,53.9,FALSE,Valori percentuali,Istat - Indagine multiscopo sugli aspetti della vita quotidiana
02IST025,Competenze digitali almeno di base,Maschi,Emilia-Romagna,regione,2023,51.9,FALSE,Valori percentuali,Istat - Indagine multiscopo sugli aspetti della vita quotidiana
02IST025,Competenze digitali almeno di base,Maschi,Italia,italia,2021,48.3,FALSE,Valori percentuali,Istat - Indagine multiscopo sugli aspetti della vita quotidiana
02IST025,Competenze digitali almeno di base,Maschi,Italia,italia,2023,47.4,FALSE,Valori percentuali,Istat - Indagine multiscopo sugli aspetti della vita quotidiana
02IST025,Competenze digitali almeno di base,Maschi,Nord-est,ripartizione,2021,52.9,FALSE,Valori percentuali,Istat - Indagine multiscopo sugli aspetti della vita quotidiana
02IST025,Competenze digitali almeno di base,Maschi,Nord-est,ripartizione,2023,51,FALSE,Valori percentuali,Istat - Indagine multiscopo sugli aspetti della vita quotidiana
02IST025,Competenze digitali almeno di base,Totale,Emilia-Romagna,regione,2021,51.2,FALSE,Valori percentuali,Istat - Indagine multiscopo sugli aspetti della vita quotidiana
02IST025,Competenze digitali almeno di base,Totale,Emilia-Romagna,regione,2023,51.5,FALSE,Valori percentuali,Istat - Indagine multiscopo sugli aspetti della vita quotidiana
02IST025,Competenze digitali almeno di base,Totale,Italia,italia,2021,45.7,FALSE,Valori percentuali,Istat - Indagine multiscopo sugli aspetti della vita quotidiana
02IST025,Competenze digitali almeno di base,Totale,Italia,italia,2023,45.9,FALSE,Valori percentuali,Istat - Indagine multiscopo sugli aspetti della vita quotidiana
02IST025,Competenze digitali almeno di base,Totale,Nord-est,ripartizione,2021,50.7,FALSE,Valori percentuali,Istat - Indagine multiscopo sugli aspetti della vita quotidiana
02IST025,Competenze digitali almeno di base,Totale,Nord-est,ripartizione,2023,50.8,FALSE,Valori percentuali,Istat - Indagine multiscopo sugli aspetti della vita quotidiana
02IST026-N22,Laureati e altri titoli terziari (25-34 anni),Femmine,Emilia-Romagna,regione,2018,39.8,FALSE,Valori percentuali,Istat - Rilevazione sulle Forze di lavoro
02IST026-N22,Laureati e altri titoli terziari (25-34 anni),Femmine,Emilia-Romagna,regione,2019,40.8,FALSE,Valori percentuali,Istat - Rilevazione sulle Forze di lavoro
02IST026-N22,Laureati e altri titoli terziari (25-34 anni),Femmine,Emilia-Romagna,regione,2020,40.2,FALSE,Valori percentuali,Istat - Rilevazione sulle Forze di lavoro
02IST026-N22,Laureati e altri titoli terziari (25-34 anni),Femmine,Emilia-Romagna,regione,2021,42.2,FALSE,Valori percentuali,Istat - Rilevazione sulle Forze di lavoro
02IST026-N22,Laureati e altri titoli terziari (25-34 anni),Femmine,Emilia-Romagna,regione,2022,39.9,FALSE,Valori percentuali,Istat - Rilevazione sulle Forze di lavoro
02IST026-N22,Laureati e altri titoli terziari (25-34 anni),Femmine,Emilia-Romagna,regione,2023,41.9,FALSE,Valori percentuali,Istat - Rilevazione sulle Forze di lavoro
02IST026-N22,Laureati e altri titoli terziari (25-34 anni),Femmine,Emilia-Romagna,regione,2024,44.9,FALSE,Valori percentuali,Istat - Rilevazione sulle Forze di lavoro
02IST026-N22,Laureati e altri titoli terziari (25-34 anni),Femmine,Emilia-Romagna,regione,2025,42.1,FALSE,Valori percentuali,Istat - Rilevazione sulle Forze di lavoro
02IST026-N22,Laureati e altri titoli terziari (25-34 anni),Femmine,Italia,italia,2018,34.2,FALSE,Valori percentuali,Istat - Rilevazione sulle Forze di lavoro
02IST026-N22,Laureati e altri titoli terziari (25-34 anni),Femmine,Italia,italia,2019,34.1,FALSE,Valori percentuali,Istat - Rilevazione sulle Forze di lavoro
02IST026-N22,Laureati e altri titoli terziari (25-34 anni),Femmine,Italia,italia,2020,34.8,FALSE,Valori percentuali,Istat - Rilevazione sulle Forze di lavoro
02IST026-N22,Laureati e altri titoli terziari (25-34 anni),Femmine,Italia,italia,2021,34.4,FALSE,Valori percentuali,Istat - Rilevazione sulle Forze di lavoro
02IST026-N22,Laureati e altri titoli terziari (25-34 anni),Femmine,Italia,italia,2022,35.5,FALSE,Valori percentuali,Istat - Rilevazione sulle Forze di lavoro
02IST026-N22,Laureati e altri titoli terziari (25-34 anni),Femmine,Italia,italia,2023,37.1,FALSE,Valori percentuali,Istat - Rilevazione sulle Forze di lavoro
02IST026-N22,Laureati e altri titoli terziari (25-34 anni),Femmine,Italia,italia,2024,38.5,FALSE,Valori percentuali,Istat - Rilevazione sulle Forze di lavoro
02IST026-N22,Laureati e altri titoli terziari (25-34 anni),Femmine,Italia,italia,2025,37.8,FALSE,Valori percentuali,Istat - Rilevazione sulle Forze di lavoro
02IST026-N22,Laureati e altri titoli terziari (25-34 anni),Femmine,Nord-est,ripartizione,2018,39,FALSE,Valori percentuali,Istat - Rilevazione sulle Forze di lavoro
02IST026-N22,Laureati e altri titoli terziari (25-34 anni),Femmine,Nord-est,ripartizione,2019,38.8,FALSE,Valori percentuali,Istat - Rilevazione sulle Forze di lavoro
02IST026-N22,Laureati e altri titoli terziari (25-34 anni),Femmine,Nord-est,ripartizione,2020,38.4,FALSE,Valori percentuali,Istat - Rilevazione sulle Forze di lavoro
02IST026-N22,Laureati e altri titoli terziari (25-34 anni),Femmine,Nord-est,ripartizione,2021,39.8,FALSE,Valori percentuali,Istat - Rilevazione sulle Forze di lavoro
02IST026-N22,Laureati e altri titoli terziari (25-34 anni),Femmine,Nord-est,ripartizione,2022,38.7,FALSE,Valori percentuali,Istat - Rilevazione sulle Forze di lavoro
02IST026-N22,Laureati e altri titoli terziari (25-34 anni),Femmine,Nord-est,ripartizione,2023,40.8,FALSE,Valori percentuali,Istat - Rilevazione sulle Forze di lavoro
02IST026-N22,Laureati e altri titoli terziari (25-34 anni),Femmine,Nord-est,ripartizione,2024,43.8,FALSE,Valori percentuali,Istat - Rilevazione sulle Forze di lavoro
02IST026-N22,Laureati e altri titoli terziari (25-34 anni),Femmine,Nord-est,ripartizione,2025,41.5,FALSE,Valori percentuali,Istat - Rilevazione sulle Forze di lavoro
02IST026-N22,Laureati e altri titoli terziari (25-34 anni),Maschi,Emilia-Romagna,regione,2018,28.3,FALSE,Valori percentuali,Istat - Rilevazione sulle Forze di lavoro
02IST026-N22,Laureati e altri titoli terziari (25-34 anni),Maschi,Emilia-Romagna,regione,2019,27,FALSE,Valori percentuali,Istat - Rilevazione sulle Forze di lavoro
02IST026-N22,Laureati e altri titoli terziari (25-34 anni),Maschi,Emilia-Romagna,regione,2020,27.3,FALSE,Valori percentuali,Istat - Rilevazione sulle Forze di lavoro
02IST026-N22,Laureati e altri titoli terziari (25-34 anni),Maschi,Emilia-Romagna,regione,2021,26.1,FALSE,Valori percentuali,Istat - Rilevazione sulle Forze di lavoro
02IST026-N22,Laureati e altri titoli terziari (25-34 anni),Maschi,Emilia-Romagna,regione,2022,24.7,FALSE,Valori percentuali,Istat - Rilevazione sulle Forze di lavoro
02IST026-N22,Laureati e altri titoli terziari (25-34 anni),Maschi,Emilia-Romagna,regione,2023,24.3,FALSE,Valori percentuali,Istat - Rilevazione sulle Forze di lavoro
02IST026-N22,Laureati e altri titoli terziari (25-34 anni),Maschi,Emilia-Romagna,regione,2024,29.5,FALSE,Valori percentuali,Istat - Rilevazione sulle Forze di lavoro
02IST026-N22,Laureati e altri titoli terziari (25-34 anni),Maschi,Emilia-Romagna,regione,2025,30.7,FALSE,Valori percentuali,Istat - Rilevazione sulle Forze di lavoro
02IST026-N22,Laureati e altri titoli terziari (25-34 anni),Maschi,Italia,italia,2018,21.6,FALSE,Valori percentuali,Istat - Rilevazione sulle Forze di lavoro
02IST026-N22,Laureati e altri titoli terziari (25-34 anni),Maschi,Italia,italia,2019,21.9,FALSE,Valori percentuali,Istat - Rilevazione sulle Forze di lavoro
02IST026-N22,Laureati e altri titoli terziari (25-34 anni),Maschi,Italia,italia,2020,22.6,FALSE,Valori percentuali,Istat - Rilevazione sulle Forze di lavoro
02IST026-N22,Laureati e altri titoli terziari (25-34 anni),Maschi,Italia,italia,2021,22.3,FALSE,Valori percentuali,Istat - Rilevazione sulle Forze di lavoro
02IST026-N22,Laureati e altri titoli terziari (25-34 anni),Maschi,Italia,italia,2022,23.1,FALSE,Valori percentuali,Istat - Rilevazione sulle Forze di lavoro
02IST026-N22,Laureati e altri titoli terziari (25-34 anni),Maschi,Italia,italia,2023,24.4,FALSE,Valori percentuali,Istat - Rilevazione sulle Forze di lavoro
02IST026-N22,Laureati e altri titoli terziari (25-34 anni),Maschi,Italia,italia,2024,25,FALSE,Valori percentuali,Istat - Rilevazione sulle Forze di lavoro
02IST026-N22,Laureati e altri titoli terziari (25-34 anni),Maschi,Italia,italia,2025,24.7,FALSE,Valori percentuali,Istat - Rilevazione sulle Forze di lavoro
02IST026-N22,Laureati e altri titoli terziari (25-34 anni),Maschi,Nord-est,ripartizione,2018,27,FALSE,Valori percentuali,Istat - Rilevazione sulle Forze di lavoro
02IST026-N22,Laureati e altri titoli terziari (25-34 anni),Maschi,Nord-est,ripartizione,2019,25.6,FALSE,Valori percentuali,Istat - Rilevazione sulle Forze di lavoro
02IST026-N22,Laureati e altri titoli terziari (25-34 anni),Maschi,Nord-est,ripartizione,2020,26.3,FALSE,Valori percentuali,Istat - Rilevazione sulle Forze di lavoro
02IST026-N22,Laureati e altri titoli terziari (25-34 anni),Maschi,Nord-est,ripartizione,2021,26.2,FALSE,Valori percentuali,Istat - Rilevazione sulle Forze di lavoro
02IST026-N22,Laureati e altri titoli terziari (25-34 anni),Maschi,Nord-est,ripartizione,2022,24.2,FALSE,Valori percentuali,Istat - Rilevazione sulle Forze di lavoro
02IST026-N22,Laureati e altri titoli terziari (25-34 anni),Maschi,Nord-est,ripartizione,2023,24.3,FALSE,Valori percentuali,Istat - Rilevazione sulle Forze di lavoro
02IST026-N22,Laureati e altri titoli terziari (25-34 anni),Maschi,Nord-est,ripartizione,2024,28.1,FALSE,Valori percentuali,Istat - Rilevazione sulle Forze di lavoro
02IST026-N22,Laureati e altri titoli terziari (25-34 anni),Maschi,Nord-est,ripartizione,2025,27.3,FALSE,Valori percentuali,Istat - Rilevazione sulle Forze di lavoro
02IST026-N22,Laureati e altri titoli terziari (25-34 anni),Totale,Emilia-Romagna,regione,2018,34.1,FALSE,Valori percentuali,Istat - Rilevazione sulle Forze di lavoro
02IST026-N22,Laureati e altri titoli terziari (25-34 anni),Totale,Emilia-Romagna,regione,2019,33.9,FALSE,Valori percentuali,Istat - Rilevazione sulle Forze di lavoro
02IST026-N22,Laureati e altri titoli terziari (25-34 anni),Totale,Emilia-Romagna,regione,2020,33.7,FALSE,Valori percentuali,Istat - Rilevazione sulle Forze di lavoro
02IST026-N22,Laureati e altri titoli terziari (25-34 anni),Totale,Emilia-Romagna,regione,2021,34.1,FALSE,Valori percentuali,Istat - Rilevazione sulle Forze di lavoro
02IST026-N22,Laureati e altri titoli terziari (25-34 anni),Totale,Emilia-Romagna,regione,2022,32.1,FALSE,Valori percentuali,Istat - Rilevazione sulle Forze di lavoro
02IST026-N22,Laureati e altri titoli terziari (25-34 anni),Totale,Emilia-Romagna,regione,2023,32.9,FALSE,Valori percentuali,Istat - Rilevazione sulle Forze di lavoro
02IST026-N22,Laureati e altri titoli terziari (25-34 anni),Totale,Emilia-Romagna,regione,2024,36.9,FALSE,Valori percentuali,Istat - Rilevazione sulle Forze di lavoro
02IST026-N22,Laureati e altri titoli terziari (25-34 anni),Totale,Emilia-Romagna,regione,2025,36.2,FALSE,Valori percentuali,Istat - Rilevazione sulle Forze di lavoro
02IST026-N22,Laureati e altri titoli terziari (25-34 anni),Totale,Italia,italia,2018,27.9,FALSE,Valori percentuali,Istat - Rilevazione sulle Forze di lavoro
02IST026-N22,Laureati e altri titoli terziari (25-34 anni),Totale,Italia,italia,2019,27.9,FALSE,Valori percentuali,Istat - Rilevazione sulle Forze di lavoro
02IST026-N22,Laureati e altri titoli terziari (25-34 anni),Totale,Italia,italia,2020,28.6,FALSE,Valori percentuali,Istat - Rilevazione sulle Forze di lavoro
02IST026-N22,Laureati e altri titoli terziari (25-34 anni),Totale,Italia,italia,2021,28.3,FALSE,Valori percentuali,Istat - Rilevazione sulle Forze di lavoro
02IST026-N22,Laureati e altri titoli terziari (25-34 anni),Totale,Italia,italia,2022,29.2,FALSE,Valori percentuali,Istat - Rilevazione sulle Forze di lavoro
02IST026-N22,Laureati e altri titoli terziari (25-34 anni),Totale,Italia,italia,2023,30.6,FALSE,Valori percentuali,Istat - Rilevazione sulle Forze di lavoro
02IST026-N22,Laureati e altri titoli terziari (25-34 anni),Totale,Italia,italia,2024,31.6,FALSE,Valori percentuali,Istat - Rilevazione sulle Forze di lavoro
02IST026-N22,Laureati e altri titoli terziari (25-34 anni),Totale,Italia,italia,2025,31.1,FALSE,Valori percentuali,Istat - Rilevazione sulle Forze di lavoro
02IST026-N22,Laureati e altri titoli terziari (25-34 anni),Totale,Nord-est,ripartizione,2018,33,FALSE,Valori percentuali,Istat - Rilevazione sulle Forze di lavoro
02IST026-N22,Laureati e altri titoli terziari (25-34 anni),Totale,Nord-est,ripartizione,2019,32.1,FALSE,Valori percentuali,Istat - Rilevazione sulle Forze di lavoro
02IST026-N22,Laureati e altri titoli terziari (25-34 anni),Totale,Nord-est,ripartizione,2020,32.3,FALSE,Valori percentuali,Istat - Rilevazione sulle Forze di lavoro
02IST026-N22,Laureati e altri titoli terziari (25-34 anni),Totale,Nord-est,ripartizione,2021,32.9,FALSE,Valori percentuali,Istat - Rilevazione sulle Forze di lavoro
02IST026-N22,Laureati e altri titoli terziari (25-34 anni),Totale,Nord-est,ripartizione,2022,31.3,FALSE,Valori percentuali,Istat - Rilevazione sulle Forze di lavoro
02IST026-N22,Laureati e altri titoli terziari (25-34 anni),Totale,Nord-est,ripartizione,2023,32.3,FALSE,Valori percentuali,Istat - Rilevazione sulle Forze di lavoro
02IST026-N22,Laureati e altri titoli terziari (25-34 anni),Totale,Nord-est,ripartizione,2024,35.7,FALSE,Valori percentuali,Istat - Rilevazione sulle Forze di lavoro
02IST026-N22,Laureati e altri titoli terziari (25-34 anni),Totale,Nord-est,ripartizione,2025,34.1,FALSE,Valori percentuali,Istat - Rilevazione sulle Forze di lavoro
SDG-310,Competenza numerica non adeguata (studenti classi III scuola secondaria primo grado),Femmine,Emilia-Romagna,regione,2018,33.4,FALSE,Valori percentuali,Invalsi - Rilevazioni nazionali sugli apprendimenti
SDG-310,Competenza numerica non adeguata (studenti classi III scuola secondaria primo grado),Femmine,Emilia-Romagna,regione,2019,34.2,FALSE,Valori percentuali,Invalsi - Rilevazioni nazionali sugli apprendimenti
SDG-310,Competenza numerica non adeguata (studenti classi III scuola secondaria primo grado),Femmine,Emilia-Romagna,regione,2021,39.1,FALSE,Valori percentuali,Invalsi - Rilevazioni nazionali sugli apprendimenti
SDG-310,Competenza numerica non adeguata (studenti classi III scuola secondaria primo grado),Femmine,Emilia-Romagna,regione,2022,38.9,FALSE,Valori percentuali,Invalsi - Rilevazioni nazionali sugli apprendimenti
SDG-310,Competenza numerica non adeguata (studenti classi III scuola secondaria primo grado),Femmine,Emilia-Romagna,regione,2023,39.9,FALSE,Valori percentuali,Invalsi - Rilevazioni nazionali sugli apprendimenti
SDG-310,Competenza numerica non adeguata (studenti classi III scuola secondaria primo grado),Femmine,Emilia-Romagna,regione,2024,41.3,FALSE,Valori percentuali,Invalsi - Rilevazioni nazionali sugli apprendimenti
SDG-310,Competenza numerica non adeguata (studenti classi III scuola secondaria primo grado),Femmine,Emilia-Romagna,regione,2025,41.7,FALSE,Valori percentuali,Invalsi - Rilevazioni nazionali sugli apprendimenti
SDG-310,Competenza numerica non adeguata (studenti classi III scuola secondaria primo grado),Femmine,Italia,italia,2018,41.1,FALSE,Valori percentuali,Invalsi - Rilevazioni nazionali sugli apprendimenti
SDG-310,Competenza numerica non adeguata (studenti classi III scuola secondaria primo grado),Femmine,Italia,italia,2019,40.8,FALSE,Valori percentuali,Invalsi - Rilevazioni nazionali sugli apprendimenti
SDG-310,Competenza numerica non adeguata (studenti classi III scuola secondaria primo grado),Femmine,Italia,italia,2021,46.2,FALSE,Valori percentuali,Invalsi - Rilevazioni nazionali sugli apprendimenti
SDG-310,Competenza numerica non adeguata (studenti classi III scuola secondaria primo grado),Femmine,Italia,italia,2022,45.8,FALSE,Valori percentuali,Invalsi - Rilevazioni nazionali sugli apprendimenti
SDG-310,Competenza numerica non adeguata (studenti classi III scuola secondaria primo grado),Femmine,Italia,italia,2023,46.9,FALSE,Valori percentuali,Invalsi - Rilevazioni nazionali sugli apprendimenti
SDG-310,Competenza numerica non adeguata (studenti classi III scuola secondaria primo grado),Femmine,Italia,italia,2024,47,FALSE,Valori percentuali,Invalsi - Rilevazioni nazionali sugli apprendimenti
SDG-310,Competenza numerica non adeguata (studenti classi III scuola secondaria primo grado),Femmine,Italia,italia,2025,47.3,FALSE,Valori percentuali,Invalsi - Rilevazioni nazionali sugli apprendimenti
SDG-310,Competenza numerica non adeguata (studenti classi III scuola secondaria primo grado),Femmine,Nord-est,ripartizione,2018,31.1,FALSE,Valori percentuali,Invalsi - Rilevazioni nazionali sugli apprendimenti
SDG-310,Competenza numerica non adeguata (studenti classi III scuola secondaria primo grado),Femmine,Nord-est,ripartizione,2019,31.4,FALSE,Valori percentuali,Invalsi - Rilevazioni nazionali sugli apprendimenti
SDG-310,Competenza numerica non adeguata (studenti classi III scuola secondaria primo grado),Femmine,Nord-est,ripartizione,2021,36.3,FALSE,Valori percentuali,Invalsi - Rilevazioni nazionali sugli apprendimenti
SDG-310,Competenza numerica non adeguata (studenti classi III scuola secondaria primo grado),Femmine,Nord-est,ripartizione,2022,36.4,FALSE,Valori percentuali,Invalsi - Rilevazioni nazionali sugli apprendimenti
SDG-310,Competenza numerica non adeguata (studenti classi III scuola secondaria primo grado),Femmine,Nord-est,ripartizione,2023,37.4,FALSE,Valori percentuali,Invalsi - Rilevazioni nazionali sugli apprendimenti
SDG-310,Competenza numerica non adeguata (studenti classi III scuola secondaria primo grado),Femmine,Nord-est,ripartizione,2024,38.6,FALSE,Valori percentuali,Invalsi - Rilevazioni nazionali sugli apprendimenti
SDG-310,Competenza numerica non adeguata (studenti classi III scuola secondaria primo grado),Femmine,Nord-est,ripartizione,2025,39.3,FALSE,Valori percentuali,Invalsi - Rilevazioni nazionali sugli apprendimenti
SDG-310,Competenza numerica non adeguata (studenti classi III scuola secondaria primo grado),Maschi,Emilia-Romagna,regione,2018,31.6,FALSE,Valori percentuali,Invalsi - Rilevazioni nazionali sugli apprendimenti
SDG-310,Competenza numerica non adeguata (studenti classi III scuola secondaria primo grado),Maschi,Emilia-Romagna,regione,2019,32,FALSE,Valori percentuali,Invalsi - Rilevazioni nazionali sugli apprendimenti
SDG-310,Competenza numerica non adeguata (studenti classi III scuola secondaria primo grado),Maschi,Emilia-Romagna,regione,2021,36.2,FALSE,Valori percentuali,Invalsi - Rilevazioni nazionali sugli apprendimenti
SDG-310,Competenza numerica non adeguata (studenti classi III scuola secondaria primo grado),Maschi,Emilia-Romagna,regione,2022,35,FALSE,Valori percentuali,Invalsi - Rilevazioni nazionali sugli apprendimenti
SDG-310,Competenza numerica non adeguata (studenti classi III scuola secondaria primo grado),Maschi,Emilia-Romagna,regione,2023,36.2,FALSE,Valori percentuali,Invalsi - Rilevazioni nazionali sugli apprendimenti
SDG-310,Competenza numerica non adeguata (studenti classi III scuola secondaria primo grado),Maschi,Emilia-Romagna,regione,2024,35.9,FALSE,Valori percentuali,Invalsi - Rilevazioni nazionali sugli apprendimenti
SDG-310,Competenza numerica non adeguata (studenti classi III scuola secondaria primo grado),Maschi,Emilia-Romagna,regione,2025,36.5,FALSE,Valori percentuali,Invalsi - Rilevazioni nazionali sugli apprendimenti
SDG-310,Competenza numerica non adeguata (studenti classi III scuola secondaria primo grado),Maschi,Italia,italia,2018,37.6,FALSE,Valori percentuali,Invalsi - Rilevazioni nazionali sugli apprendimenti
SDG-310,Competenza numerica non adeguata (studenti classi III scuola secondaria primo grado),Maschi,Italia,italia,2019,38.4,FALSE,Valori percentuali,Invalsi - Rilevazioni nazionali sugli apprendimenti
SDG-310,Competenza numerica non adeguata (studenti classi III scuola secondaria primo grado),Maschi,Italia,italia,2021,42.9,FALSE,Valori percentuali,Invalsi - Rilevazioni nazionali sugli apprendimenti
SDG-310,Competenza numerica non adeguata (studenti classi III scuola secondaria primo grado),Maschi,Italia,italia,2022,41.6,FALSE,Valori percentuali,Invalsi - Rilevazioni nazionali sugli apprendimenti
SDG-310,Competenza numerica non adeguata (studenti classi III scuola secondaria primo grado),Maschi,Italia,italia,2023,41.5,FALSE,Valori percentuali,Invalsi - Rilevazioni nazionali sugli apprendimenti
SDG-310,Competenza numerica non adeguata (studenti classi III scuola secondaria primo grado),Maschi,Italia,italia,2024,41.2,FALSE,Valori percentuali,Invalsi - Rilevazioni nazionali sugli apprendimenti
SDG-310,Competenza numerica non adeguata (studenti classi III scuola secondaria primo grado),Maschi,Italia,italia,2025,41.4,FALSE,Valori percentuali,Invalsi - Rilevazioni nazionali sugli apprendimenti
SDG-310,Competenza numerica non adeguata (studenti classi III scuola secondaria primo grado),Maschi,Nord-est,ripartizione,2018,28.8,FALSE,Valori percentuali,Invalsi - Rilevazioni nazionali sugli apprendimenti
SDG-310,Competenza numerica non adeguata (studenti classi III scuola secondaria primo grado),Maschi,Nord-est,ripartizione,2019,29.5,FALSE,Valori percentuali,Invalsi - Rilevazioni nazionali sugli apprendimenti
SDG-310,Competenza numerica non adeguata (studenti classi III scuola secondaria primo grado),Maschi,Nord-est,ripartizione,2021,34.2,FALSE,Valori percentuali,Invalsi - Rilevazioni nazionali sugli apprendimenti
SDG-310,Competenza numerica non adeguata (studenti classi III scuola secondaria primo grado),Maschi,Nord-est,ripartizione,2022,33.5,FALSE,Valori percentuali,Invalsi - Rilevazioni nazionali sugli apprendimenti
SDG-310,Competenza numerica non adeguata (studenti classi III scuola secondaria primo grado),Maschi,Nord-est,ripartizione,2023,33.9,FALSE,Valori percentuali,Invalsi - Rilevazioni nazionali sugli apprendimenti
SDG-310,Competenza numerica non adeguata (studenti classi III scuola secondaria primo grado),Maschi,Nord-est,ripartizione,2024,33.9,FALSE,Valori percentuali,Invalsi - Rilevazioni nazionali sugli apprendimenti
SDG-310,Competenza numerica non adeguata (studenti classi III scuola secondaria primo grado),Maschi,Nord-est,ripartizione,2025,34.8,FALSE,Valori percentuali,Invalsi - Rilevazioni nazionali sugli apprendimenti
SDG-310,Competenza numerica non adeguata (studenti classi III scuola secondaria primo grado),Totale,Emilia-Romagna,regione,2018,32.5,FALSE,Valori percentuali,Invalsi - Rilevazioni nazionali sugli apprendimenti
SDG-310,Competenza numerica non adeguata (studenti classi III scuola secondaria primo grado),Totale,Emilia-Romagna,regione,2019,33.1,FALSE,Valori percentuali,Invalsi - Rilevazioni nazionali sugli apprendimenti
SDG-310,Competenza numerica non adeguata (studenti classi III scuola secondaria primo grado),Totale,Emilia-Romagna,regione,2021,37.6,FALSE,Valori percentuali,Invalsi - Rilevazioni nazionali sugli apprendimenti
SDG-310,Competenza numerica non adeguata (studenti classi III scuola secondaria primo grado),Totale,Emilia-Romagna,regione,2022,36.9,FALSE,Valori percentuali,Invalsi - Rilevazioni nazionali sugli apprendimenti
SDG-310,Competenza numerica non adeguata (studenti classi III scuola secondaria primo grado),Totale,Emilia-Romagna,regione,2023,38,FALSE,Valori percentuali,Invalsi - Rilevazioni nazionali sugli apprendimenti
SDG-310,Competenza numerica non adeguata (studenti classi III scuola secondaria primo grado),Totale,Emilia-Romagna,regione,2024,38.5,FALSE,Valori percentuali,Invalsi - Rilevazioni nazionali sugli apprendimenti
SDG-310,Competenza numerica non adeguata (studenti classi III scuola secondaria primo grado),Totale,Emilia-Romagna,regione,2025,39,FALSE,Valori percentuali,Invalsi - Rilevazioni nazionali sugli apprendimenti
SDG-310,Competenza numerica non adeguata (studenti classi III scuola secondaria primo grado),Totale,Italia,italia,2018,39.3,FALSE,Valori percentuali,Invalsi - Rilevazioni nazionali sugli apprendimenti
SDG-310,Competenza numerica non adeguata (studenti classi III scuola secondaria primo grado),Totale,Italia,italia,2019,39.6,FALSE,Valori percentuali,Invalsi - Rilevazioni nazionali sugli apprendimenti
SDG-310,Competenza numerica non adeguata (studenti classi III scuola secondaria primo grado),Totale,Italia,italia,2021,44.5,FALSE,Valori percentuali,Invalsi - Rilevazioni nazionali sugli apprendimenti
SDG-310,Competenza numerica non adeguata (studenti classi III scuola secondaria primo grado),Totale,Italia,italia,2022,43.6,FALSE,Valori percentuali,Invalsi - Rilevazioni nazionali sugli apprendimenti
SDG-310,Competenza numerica non adeguata (studenti classi III scuola secondaria primo grado),Totale,Italia,italia,2023,44.2,FALSE,Valori percentuali,Invalsi - Rilevazioni nazionali sugli apprendimenti
SDG-310,Competenza numerica non adeguata (studenti classi III scuola secondaria primo grado),Totale,Italia,italia,2024,44,FALSE,Valori percentuali,Invalsi - Rilevazioni nazionali sugli apprendimenti
SDG-310,Competenza numerica non adeguata (studenti classi III scuola secondaria primo grado),Totale,Italia,italia,2025,44.3,FALSE,Valori percentuali,Invalsi - Rilevazioni nazionali sugli apprendimenti
SDG-310,Competenza numerica non adeguata (studenti classi III scuola secondaria primo grado),Totale,Nord-est,ripartizione,2018,30,FALSE,Valori percentuali,Invalsi - Rilevazioni nazionali sugli apprendimenti
SDG-310,Competenza numerica non adeguata (studenti classi III scuola secondaria primo grado),Totale,Nord-est,ripartizione,2019,30.5,FALSE,Valori percentuali,Invalsi - Rilevazioni nazionali sugli apprendimenti
SDG-310,Competenza numerica non adeguata (studenti classi III scuola secondaria primo grado),Totale,Nord-est,ripartizione,2021,35.2,FALSE,Valori percentuali,Invalsi - Rilevazioni nazionali sugli apprendimenti
SDG-310,Competenza numerica non adeguata (studenti classi III scuola secondaria primo grado),Totale,Nord-est,ripartizione,2022,34.9,FALSE,Valori percentuali,Invalsi - Rilevazioni nazionali sugli apprendimenti
SDG-310,Competenza numerica non adeguata (studenti classi III scuola secondaria primo grado),Totale,Nord-est,ripartizione,2023,35.6,FALSE,Valori percentuali,Invalsi - Rilevazioni nazionali sugli apprendimenti
SDG-310,Competenza numerica non adeguata (studenti classi III scuola secondaria primo grado),Totale,Nord-est,ripartizione,2024,36.2,FALSE,Valori percentuali,Invalsi - Rilevazioni nazionali sugli apprendimenti
SDG-310,Competenza numerica non adeguata (studenti classi III scuola secondaria primo grado),Totale,Nord-est,ripartizione,2025,37,FALSE,Valori percentuali,Invalsi - Rilevazioni nazionali sugli apprendimenti
SDG-311,Competenza alfabetica non adeguata (studenti classi III scuola secondaria primo grado),Femmine,Emilia-Romagna,regione,2018,26.2,FALSE,Valori percentuali,Invalsi - Rilevazioni nazionali sugli apprendimenti
SDG-311,Competenza alfabetica non adeguata (studenti classi III scuola secondaria primo grado),Femmine,Emilia-Romagna,regione,2019,27.1,FALSE,Valori percentuali,Invalsi - Rilevazioni nazionali sugli apprendimenti
SDG-311,Competenza alfabetica non adeguata (studenti classi III scuola secondaria primo grado),Femmine,Emilia-Romagna,regione,2021,29.2,FALSE,Valori percentuali,Invalsi - Rilevazioni nazionali sugli apprendimenti
SDG-311,Competenza alfabetica non adeguata (studenti classi III scuola secondaria primo grado),Femmine,Emilia-Romagna,regione,2022,29.7,FALSE,Valori percentuali,Invalsi - Rilevazioni nazionali sugli apprendimenti
SDG-311,Competenza alfabetica non adeguata (studenti classi III scuola secondaria primo grado),Femmine,Emilia-Romagna,regione,2023,30.7,FALSE,Valori percentuali,Invalsi - Rilevazioni nazionali sugli apprendimenti
SDG-311,Competenza alfabetica non adeguata (studenti classi III scuola secondaria primo grado),Femmine,Emilia-Romagna,regione,2024,32.9,FALSE,Valori percentuali,Invalsi - Rilevazioni nazionali sugli apprendimenti
SDG-311,Competenza alfabetica non adeguata (studenti classi III scuola secondaria primo grado),Femmine,Emilia-Romagna,regione,2025,34.5,FALSE,Valori percentuali,Invalsi - Rilevazioni nazionali sugli apprendimenti
SDG-311,Competenza alfabetica non adeguata (studenti classi III scuola secondaria primo grado),Femmine,Italia,italia,2018,30.6,FALSE,Valori percentuali,Invalsi - Rilevazioni nazionali sugli apprendimenti
SDG-311,Competenza alfabetica non adeguata (studenti classi III scuola secondaria primo grado),Femmine,Italia,italia,2019,30.3,FALSE,Valori percentuali,Invalsi - Rilevazioni nazionali sugli apprendimenti
SDG-311,Competenza alfabetica non adeguata (studenti classi III scuola secondaria primo grado),Femmine,Italia,italia,2021,33.3,FALSE,Valori percentuali,Invalsi - Rilevazioni nazionali sugli apprendimenti
SDG-311,Competenza alfabetica non adeguata (studenti classi III scuola secondaria primo grado),Femmine,Italia,italia,2022,33.5,FALSE,Valori percentuali,Invalsi - Rilevazioni nazionali sugli apprendimenti
SDG-311,Competenza alfabetica non adeguata (studenti classi III scuola secondaria primo grado),Femmine,Italia,italia,2023,33.9,FALSE,Valori percentuali,Invalsi - Rilevazioni nazionali sugli apprendimenti
SDG-311,Competenza alfabetica non adeguata (studenti classi III scuola secondaria primo grado),Femmine,Italia,italia,2024,35.1,FALSE,Valori percentuali,Invalsi - Rilevazioni nazionali sugli apprendimenti
SDG-311,Competenza alfabetica non adeguata (studenti classi III scuola secondaria primo grado),Femmine,Italia,italia,2025,36.7,FALSE,Valori percentuali,Invalsi - Rilevazioni nazionali sugli apprendimenti
SDG-311,Competenza alfabetica non adeguata (studenti classi III scuola secondaria primo grado),Femmine,Nord-est,ripartizione,2018,24.9,FALSE,Valori percentuali,Invalsi - Rilevazioni nazionali sugli apprendimenti
SDG-311,Competenza alfabetica non adeguata (studenti classi III scuola secondaria primo grado),Femmine,Nord-est,ripartizione,2019,25.6,FALSE,Valori percentuali,Invalsi - Rilevazioni nazionali sugli apprendimenti
SDG-311,Competenza alfabetica non adeguata (studenti classi III scuola secondaria primo grado),Femmine,Nord-est,ripartizione,2021,27.7,FALSE,Valori percentuali,Invalsi - Rilevazioni nazionali sugli apprendimenti
SDG-311,Competenza alfabetica non adeguata (studenti classi III scuola secondaria primo grado),Femmine,Nord-est,ripartizione,2022,28.4,FALSE,Valori percentuali,Invalsi - Rilevazioni nazionali sugli apprendimenti
SDG-311,Competenza alfabetica non adeguata (studenti classi III scuola secondaria primo grado),Femmine,Nord-est,ripartizione,2023,29.2,FALSE,Valori percentuali,Invalsi - Rilevazioni nazionali sugli apprendimenti
SDG-311,Competenza alfabetica non adeguata (studenti classi III scuola secondaria primo grado),Femmine,Nord-est,ripartizione,2024,31.1,FALSE,Valori percentuali,Invalsi - Rilevazioni nazionali sugli apprendimenti
SDG-311,Competenza alfabetica non adeguata (studenti classi III scuola secondaria primo grado),Femmine,Nord-est,ripartizione,2025,32.6,FALSE,Valori percentuali,Invalsi - Rilevazioni nazionali sugli apprendimenti
SDG-311,Competenza alfabetica non adeguata (studenti classi III scuola secondaria primo grado),Maschi,Emilia-Romagna,regione,2018,34.2,FALSE,Valori percentuali,Invalsi - Rilevazioni nazionali sugli apprendimenti
SDG-311,Competenza alfabetica non adeguata (studenti classi III scuola secondaria primo grado),Maschi,Emilia-Romagna,regione,2019,36.1,FALSE,Valori percentuali,Invalsi - Rilevazioni nazionali sugli apprendimenti
SDG-311,Competenza alfabetica non adeguata (studenti classi III scuola secondaria primo grado),Maschi,Emilia-Romagna,regione,2021,39.5,FALSE,Valori percentuali,Invalsi - Rilevazioni nazionali sugli apprendimenti
SDG-311,Competenza alfabetica non adeguata (studenti classi III scuola secondaria primo grado),Maschi,Emilia-Romagna,regione,2022,39.7,FALSE,Valori percentuali,Invalsi - Rilevazioni nazionali sugli apprendimenti
SDG-311,Competenza alfabetica non adeguata (studenti classi III scuola secondaria primo grado),Maschi,Emilia-Romagna,regione,2023,40.8,FALSE,Valori percentuali,Invalsi - Rilevazioni nazionali sugli apprendimenti
SDG-311,Competenza alfabetica non adeguata (studenti classi III scuola secondaria primo grado),Maschi,Emilia-Romagna,regione,2024,42.7,FALSE,Valori percentuali,Invalsi - Rilevazioni nazionali sugli apprendimenti
SDG-311,Competenza alfabetica non adeguata (studenti classi III scuola secondaria primo grado),Maschi,Emilia-Romagna,regione,2025,44.4,FALSE,Valori percentuali,Invalsi - Rilevazioni nazionali sugli apprendimenti
SDG-311,Competenza alfabetica non adeguata (studenti classi III scuola secondaria primo grado),Maschi,Italia,italia,2018,38,FALSE,Valori percentuali,Invalsi - Rilevazioni nazionali sugli apprendimenti
SDG-311,Competenza alfabetica non adeguata (studenti classi III scuola secondaria primo grado),Maschi,Italia,italia,2019,39.8,FALSE,Valori percentuali,Invalsi - Rilevazioni nazionali sugli apprendimenti
SDG-311,Competenza alfabetica non adeguata (studenti classi III scuola secondaria primo grado),Maschi,Italia,italia,2021,43.4,FALSE,Valori percentuali,Invalsi - Rilevazioni nazionali sugli apprendimenti
SDG-311,Competenza alfabetica non adeguata (studenti classi III scuola secondaria primo grado),Maschi,Italia,italia,2022,43.4,FALSE,Valori percentuali,Invalsi - Rilevazioni nazionali sugli apprendimenti
SDG-311,Competenza alfabetica non adeguata (studenti classi III scuola secondaria primo grado),Maschi,Italia,italia,2023,42.9,FALSE,Valori percentuali,Invalsi - Rilevazioni nazionali sugli apprendimenti
SDG-311,Competenza alfabetica non adeguata (studenti classi III scuola secondaria primo grado),Maschi,Italia,italia,2024,44.4,FALSE,Valori percentuali,Invalsi - Rilevazioni nazionali sugli apprendimenti
SDG-311,Competenza alfabetica non adeguata (studenti classi III scuola secondaria primo grado),Maschi,Italia,italia,2025,45.9,FALSE,Valori percentuali,Invalsi - Rilevazioni nazionali sugli apprendimenti
SDG-311,Competenza alfabetica non adeguata (studenti classi III scuola secondaria primo grado),Maschi,Nord-est,ripartizione,2018,33,FALSE,Valori percentuali,Invalsi - Rilevazioni nazionali sugli apprendimenti
SDG-311,Competenza alfabetica non adeguata (studenti classi III scuola secondaria primo grado),Maschi,Nord-est,ripartizione,2019,34.8,FALSE,Valori percentuali,Invalsi - Rilevazioni nazionali sugli apprendimenti
SDG-311,Competenza alfabetica non adeguata (studenti classi III scuola secondaria primo grado),Maschi,Nord-est,ripartizione,2021,38.2,FALSE,Valori percentuali,Invalsi - Rilevazioni nazionali sugli apprendimenti
SDG-311,Competenza alfabetica non adeguata (studenti classi III scuola secondaria primo grado),Maschi,Nord-est,ripartizione,2022,38.6,FALSE,Valori percentuali,Invalsi - Rilevazioni nazionali sugli apprendimenti
SDG-311,Competenza alfabetica non adeguata (studenti classi III scuola secondaria primo grado),Maschi,Nord-est,ripartizione,2023,39.2,FALSE,Valori percentuali,Invalsi - Rilevazioni nazionali sugli apprendimenti
SDG-311,Competenza alfabetica non adeguata (studenti classi III scuola secondaria primo grado),Maschi,Nord-est,ripartizione,2024,40.8,FALSE,Valori percentuali,Invalsi - Rilevazioni nazionali sugli apprendimenti
SDG-311,Competenza alfabetica non adeguata (studenti classi III scuola secondaria primo grado),Maschi,Nord-est,ripartizione,2025,42.7,FALSE,Valori percentuali,Invalsi - Rilevazioni nazionali sugli apprendimenti
SDG-311,Competenza alfabetica non adeguata (studenti classi III scuola secondaria primo grado),Totale,Emilia-Romagna,regione,2018,30.3,FALSE,Valori percentuali,Invalsi - Rilevazioni nazionali sugli apprendimenti
SDG-311,Competenza alfabetica non adeguata (studenti classi III scuola secondaria primo grado),Totale,Emilia-Romagna,regione,2019,31.7,FALSE,Valori percentuali,Invalsi - Rilevazioni nazionali sugli apprendimenti
SDG-311,Competenza alfabetica non adeguata (studenti classi III scuola secondaria primo grado),Totale,Emilia-Romagna,regione,2021,34.5,FALSE,Valori percentuali,Invalsi - Rilevazioni nazionali sugli apprendimenti
SDG-311,Competenza alfabetica non adeguata (studenti classi III scuola secondaria primo grado),Totale,Emilia-Romagna,regione,2022,34.8,FALSE,Valori percentuali,Invalsi - Rilevazioni nazionali sugli apprendimenti
SDG-311,Competenza alfabetica non adeguata (studenti classi III scuola secondaria primo grado),Totale,Emilia-Romagna,regione,2023,35.8,FALSE,Valori percentuali,Invalsi - Rilevazioni nazionali sugli apprendimenti
SDG-311,Competenza alfabetica non adeguata (studenti classi III scuola secondaria primo grado),Totale,Emilia-Romagna,regione,2024,37.9,FALSE,Valori percentuali,Invalsi - Rilevazioni nazionali sugli apprendimenti
SDG-311,Competenza alfabetica non adeguata (studenti classi III scuola secondaria primo grado),Totale,Emilia-Romagna,regione,2025,39.6,FALSE,Valori percentuali,Invalsi - Rilevazioni nazionali sugli apprendimenti
SDG-311,Competenza alfabetica non adeguata (studenti classi III scuola secondaria primo grado),Totale,Italia,italia,2018,34.4,FALSE,Valori percentuali,Invalsi - Rilevazioni nazionali sugli apprendimenti
SDG-311,Competenza alfabetica non adeguata (studenti classi III scuola secondaria primo grado),Totale,Italia,italia,2019,35.2,FALSE,Valori percentuali,Invalsi - Rilevazioni nazionali sugli apprendimenti
SDG-311,Competenza alfabetica non adeguata (studenti classi III scuola secondaria primo grado),Totale,Italia,italia,2021,38.5,FALSE,Valori percentuali,Invalsi - Rilevazioni nazionali sugli apprendimenti
SDG-311,Competenza alfabetica non adeguata (studenti classi III scuola secondaria primo grado),Totale,Italia,italia,2022,38.6,FALSE,Valori percentuali,Invalsi - Rilevazioni nazionali sugli apprendimenti
SDG-311,Competenza alfabetica non adeguata (studenti classi III scuola secondaria primo grado),Totale,Italia,italia,2023,38.5,FALSE,Valori percentuali,Invalsi - Rilevazioni nazionali sugli apprendimenti
SDG-311,Competenza alfabetica non adeguata (studenti classi III scuola secondaria primo grado),Totale,Italia,italia,2024,39.9,FALSE,Valori percentuali,Invalsi - Rilevazioni nazionali sugli apprendimenti
SDG-311,Competenza alfabetica non adeguata (studenti classi III scuola secondaria primo grado),Totale,Italia,italia,2025,41.4,FALSE,Valori percentuali,Invalsi - Rilevazioni nazionali sugli apprendimenti
SDG-311,Competenza alfabetica non adeguata (studenti classi III scuola secondaria primo grado),Totale,Nord-est,ripartizione,2018,29.1,FALSE,Valori percentuali,Invalsi - Rilevazioni nazionali sugli apprendimenti
SDG-311,Competenza alfabetica non adeguata (studenti classi III scuola secondaria primo grado),Totale,Nord-est,ripartizione,2019,30.4,FALSE,Valori percentuali,Invalsi - Rilevazioni nazionali sugli apprendimenti
SDG-311,Competenza alfabetica non adeguata (studenti classi III scuola secondaria primo grado),Totale,Nord-est,ripartizione,2021,33.1,FALSE,Valori percentuali,Invalsi - Rilevazioni nazionali sugli apprendimenti
SDG-311,Competenza alfabetica non adeguata (studenti classi III scuola secondaria primo grado),Totale,Nord-est,ripartizione,2022,33.7,FALSE,Valori percentuali,Invalsi - Rilevazioni nazionali sugli apprendimenti
SDG-311,Competenza alfabetica non adeguata (studenti classi III scuola secondaria primo grado),Totale,Nord-est,ripartizione,2023,34.3,FALSE,Valori percentuali,Invalsi - Rilevazioni nazionali sugli apprendimenti
SDG-311,Competenza alfabetica non adeguata (studenti classi III scuola secondaria primo grado),Totale,Nord-est,ripartizione,2024,36,FALSE,Valori percentuali,Invalsi - Rilevazioni nazionali sugli apprendimenti
SDG-311,Competenza alfabetica non adeguata (studenti classi III scuola secondaria primo grado),Totale,Nord-est,ripartizione,2025,37.8,FALSE,Valori percentuali,Invalsi - Rilevazioni nazionali sugli apprendimenti
